solid exported
	facet normal 0 -1 0
		outer loop
			vertex 0.018763799220323563 -0.017500000074505806 -0.01598985120654106
			vertex 0 -0.017500000074505806 0
			vertex 0.017322329804301262 -0.017500000074505806 -0.017322329804301262
		endloop
	endfacet
	facet normal 0 -1 0
		outer loop
			vertex 0.01598985120654106 -0.017500000074505806 -0.018763799220323563
			vertex 0.017322329804301262 -0.017500000074505806 -0.017322329804301262
			vertex 0 -0.017500000074505806 0
		endloop
	endfacet
	facet normal 0 -1 0
		outer loop
			vertex 0.014774574898183346 -0.017500000074505806 -0.020305369049310684
			vertex 0.01598985120654106 -0.017500000074505806 -0.018763799220323563
			vertex 0 -0.017500000074505806 0
		endloop
	endfacet
	facet normal 0 -1 0
		outer loop
			vertex 0.020305369049310684 -0.017500000074505806 -0.014774574898183346
			vertex 0 -0.017500000074505806 0
			vertex 0.018763799220323563 -0.017500000074505806 -0.01598985120654106
		endloop
	endfacet
	facet normal 0 -1 0
		outer loop
			vertex 0.01368399616330862 -0.017500000074505806 -0.02193753607571125
			vertex 0.014774574898183346 -0.017500000074505806 -0.020305369049310684
			vertex 0 -0.017500000074505806 0
		endloop
	endfacet
	facet normal 0 -1 0
		outer loop
			vertex 0.02193753607571125 -0.017500000074505806 -0.01368399616330862
			vertex 0 -0.017500000074505806 0
			vertex 0.020305369049310684 -0.017500000074505806 -0.014774574898183346
		endloop
	endfacet
	facet normal 0 -1 0
		outer loop
			vertex 0.01272483728826046 -0.017500000074505806 -0.023650238290429115
			vertex 0.01368399616330862 -0.017500000074505806 -0.02193753607571125
			vertex 0 -0.017500000074505806 0
		endloop
	endfacet
	facet normal 0 -1 0
		outer loop
			vertex 0.023650238290429115 -0.017500000074505806 -0.01272483728826046
			vertex 0 -0.017500000074505806 0
			vertex 0.02193753607571125 -0.017500000074505806 -0.01368399616330862
		endloop
	endfacet
	facet normal 0 -1 0
		outer loop
			vertex 0.011903011240065098 -0.017500000074505806 -0.02543291449546814
			vertex 0.01272483728826046 -0.017500000074505806 -0.023650238290429115
			vertex 0 -0.017500000074505806 0
		endloop
	endfacet
	facet normal 0 -1 0
		outer loop
			vertex 0.02543291449546814 -0.017500000074505806 -0.011903011240065098
			vertex 0 -0.017500000074505806 0
			vertex 0.023650238290429115 -0.017500000074505806 -0.01272483728826046
		endloop
	endfacet
	facet normal 0 -1 0
		outer loop
			vertex 0.011223587207496166 -0.017500000074505806 -0.02727457508444786
			vertex 0.011903011240065098 -0.017500000074505806 -0.02543291449546814
			vertex 0 -0.017500000074505806 0
		endloop
	endfacet
	facet normal 0 -1 0
		outer loop
			vertex 0.02727457508444786 -0.017500000074505806 -0.011223587207496166
			vertex 0 -0.017500000074505806 0
			vertex 0.02543291449546814 -0.017500000074505806 -0.011903011240065098
		endloop
	endfacet
	facet normal 0 -1 0
		outer loop
			vertex 0 -0.017500000074505806 -0.03999999910593033
			vertex 0.010690752416849136 -0.017500000074505806 -0.029163865372538567
			vertex 0.011223587207496166 -0.017500000074505806 -0.02727457508444786
		endloop
	endfacet
	facet normal 0 -1 0
		outer loop
			vertex 0 -0.017500000074505806 -0.03999999910593033
			vertex 0.011223587207496166 -0.017500000074505806 -0.02727457508444786
			vertex 0 -0.017500000074505806 0
		endloop
	endfacet
	facet normal 0 -1 0
		outer loop
			vertex 0.03999999910593033 -0.017500000074505806 0
			vertex 0.02727457508444786 -0.017500000074505806 -0.011223587207496166
			vertex 0.029163865372538567 -0.017500000074505806 -0.010690752416849136
		endloop
	endfacet
	facet normal 0 -1 0
		outer loop
			vertex 0.03999999910593033 -0.017500000074505806 0
			vertex 0 -0.017500000074505806 0
			vertex 0.02727457508444786 -0.017500000074505806 -0.011223587207496166
		endloop
	endfacet
	facet normal 0 -1 0
		outer loop
			vertex 0.031089138239622116 -0.017500000074505806 -0.010307791642844677
			vertex 0.03999999910593033 -0.017500000074505806 0
			vertex 0.029163865372538567 -0.017500000074505806 -0.010690752416849136
		endloop
	endfacet
	facet normal 0 -1 0
		outer loop
			vertex 0.010307791642844677 -0.017500000074505806 -0.031089138239622116
			vertex 0.010690752416849136 -0.017500000074505806 -0.029163865372538567
			vertex 0 -0.017500000074505806 -0.03999999910593033
		endloop
	endfacet
	facet normal 0 -1 0
		outer loop
			vertex 0.010077066719532013 -0.017500000074505806 -0.03303852304816246
			vertex 0.010307791642844677 -0.017500000074505806 -0.031089138239622116
			vertex 0 -0.017500000074505806 -0.03999999910593033
		endloop
	endfacet
	facet normal 0 -1 0
		outer loop
			vertex 0.03303852304816246 -0.017500000074505806 -0.010077066719532013
			vertex 0.03999999910593033 -0.017500000074505806 0
			vertex 0.031089138239622116 -0.017500000074505806 -0.010307791642844677
		endloop
	endfacet
	facet normal 0 -1 0
		outer loop
			vertex 0.009999999776482582 -0.017500000074505806 -0.03500000014901161
			vertex 0.010077066719532013 -0.017500000074505806 -0.03303852304816246
			vertex 0 -0.017500000074505806 -0.03999999910593033
		endloop
	endfacet
	facet normal 0 -1 0
		outer loop
			vertex 0.03500000014901161 -0.017500000074505806 -0.009999999776482582
			vertex 0.03999999910593033 -0.017500000074505806 0
			vertex 0.03303852304816246 -0.017500000074505806 -0.010077066719532013
		endloop
	endfacet
	facet normal 0 -1 0
		outer loop
			vertex 0.03999999910593033 -0.017500000074505806 -0.007000000216066837
			vertex 0.03500000014901161 -0.017500000074505806 -0.009999999776482582
			vertex 0.03700000047683716 -0.017500000074505806 -0.009999999776482582
		endloop
	endfacet
	facet normal 0 -1 0
		outer loop
			vertex 0.03999999910593033 -0.017500000074505806 -0.007000000216066837
			vertex 0.03999999910593033 -0.017500000074505806 0
			vertex 0.03500000014901161 -0.017500000074505806 -0.009999999776482582
		endloop
	endfacet
	facet normal 0 -1 0
		outer loop
			vertex 0.007000000216066837 -0.017500000074505806 -0.03999999910593033
			vertex 0.009999999776482582 -0.017500000074505806 -0.03700000047683716
			vertex 0.009999999776482582 -0.017500000074505806 -0.03500000014901161
		endloop
	endfacet
	facet normal 0 -1 0
		outer loop
			vertex 0.007000000216066837 -0.017500000074505806 -0.03999999910593033
			vertex 0.009999999776482582 -0.017500000074505806 -0.03500000014901161
			vertex 0 -0.017500000074505806 -0.03999999910593033
		endloop
	endfacet
	facet normal 0 -1 0
		outer loop
			vertex 0.03934549540281296 -0.017500000074505806 -0.008870469406247139
			vertex 0.03700000047683716 -0.017500000074505806 -0.009999999776482582
			vertex 0.03766756132245064 -0.017500000074505806 -0.009924783371388912
		endloop
	endfacet
	facet normal 0 -1 0
		outer loop
			vertex 0.03934549540281296 -0.017500000074505806 -0.008870469406247139
			vertex 0.03766756132245064 -0.017500000074505806 -0.009924783371388912
			vertex 0.03830165043473244 -0.017500000074505806 -0.00970290694385767
		endloop
	endfacet
	facet normal 0 -1 0
		outer loop
			vertex 0.03934549540281296 -0.017500000074505806 -0.008870469406247139
			vertex 0.03830165043473244 -0.017500000074505806 -0.00970290694385767
			vertex 0.038870468735694885 -0.017500000074505806 -0.009345494210720062
		endloop
	endfacet
	facet normal 0 -1 0
		outer loop
			vertex 0.03934549540281296 -0.017500000074505806 -0.008870469406247139
			vertex 0.03970290720462799 -0.017500000074505806 -0.00830165110528469
			vertex 0.03992478549480438 -0.017500000074505806 -0.007667562924325466
		endloop
	endfacet
	facet normal 0 -1 0
		outer loop
			vertex 0.03934549540281296 -0.017500000074505806 -0.008870469406247139
			vertex 0.03992478549480438 -0.017500000074505806 -0.007667562924325466
			vertex 0.03999999910593033 -0.017500000074505806 -0.007000000216066837
		endloop
	endfacet
	facet normal 0 -1 0
		outer loop
			vertex 0.03934549540281296 -0.017500000074505806 -0.008870469406247139
			vertex 0.03999999910593033 -0.017500000074505806 -0.007000000216066837
			vertex 0.03700000047683716 -0.017500000074505806 -0.009999999776482582
		endloop
	endfacet
	facet normal 0 -1 0
		outer loop
			vertex 0.009345494210720062 -0.017500000074505806 -0.038870468735694885
			vertex 0.007000000216066837 -0.017500000074505806 -0.03999999910593033
			vertex 0.007667562924325466 -0.017500000074505806 -0.03992478549480438
		endloop
	endfacet
	facet normal 0 -1 0
		outer loop
			vertex 0.009345494210720062 -0.017500000074505806 -0.038870468735694885
			vertex 0.007667562924325466 -0.017500000074505806 -0.03992478549480438
			vertex 0.00830165110528469 -0.017500000074505806 -0.03970290720462799
		endloop
	endfacet
	facet normal 0 -1 0
		outer loop
			vertex 0.009345494210720062 -0.017500000074505806 -0.038870468735694885
			vertex 0.00830165110528469 -0.017500000074505806 -0.03970290720462799
			vertex 0.008870469406247139 -0.017500000074505806 -0.03934549540281296
		endloop
	endfacet
	facet normal 0 -1 0
		outer loop
			vertex 0.009345494210720062 -0.017500000074505806 -0.038870468735694885
			vertex 0.00970290694385767 -0.017500000074505806 -0.03830165043473244
			vertex 0.009924783371388912 -0.017500000074505806 -0.03766756132245064
		endloop
	endfacet
	facet normal 0 -1 0
		outer loop
			vertex 0.009345494210720062 -0.017500000074505806 -0.038870468735694885
			vertex 0.009924783371388912 -0.017500000074505806 -0.03766756132245064
			vertex 0.009999999776482582 -0.017500000074505806 -0.03700000047683716
		endloop
	endfacet
	facet normal 0 -1 0
		outer loop
			vertex 0.009345494210720062 -0.017500000074505806 -0.038870468735694885
			vertex 0.009999999776482582 -0.017500000074505806 -0.03700000047683716
			vertex 0.007000000216066837 -0.017500000074505806 -0.03999999910593033
		endloop
	endfacet
	facet normal 1 0 0
		outer loop
			vertex 0.03999999910593033 -0.014000000432133675 -0.006000000052154064
			vertex 0.03999999910593033 -0.017500000074505806 0
			vertex 0.03999999910593033 -0.017500000074505806 -0.007000000216066837
		endloop
	endfacet
	facet normal 1 0 0
		outer loop
			vertex 0.03999999910593033 -0.014000000432133675 -0.007000000216066837
			vertex 0.03999999910593033 -0.014000000432133675 -0.006000000052154064
			vertex 0.03999999910593033 -0.017500000074505806 -0.007000000216066837
		endloop
	endfacet
	facet normal 1 0 0
		outer loop
			vertex 0.03999999910593033 0.014000000432133675 -0.006000000052154064
			vertex 0.03999999910593033 0.017500000074505806 0
			vertex 0.03999999910593033 -0.017500000074505806 0
		endloop
	endfacet
	facet normal 1 0 0
		outer loop
			vertex 0.03999999910593033 0.014000000432133675 -0.006000000052154064
			vertex 0.03999999910593033 -0.017500000074505806 0
			vertex 0.03999999910593033 -0.014000000432133675 -0.006000000052154064
		endloop
	endfacet
	facet normal 1 0 0
		outer loop
			vertex 0.03999999910593033 0.017500000074505806 -0.007000000216066837
			vertex 0.03999999910593033 0.014000000432133675 -0.006000000052154064
			vertex 0.03999999910593033 0.014000000432133675 -0.007000000216066837
		endloop
	endfacet
	facet normal 1 0 0
		outer loop
			vertex 0.03999999910593033 0.017500000074505806 -0.007000000216066837
			vertex 0.03999999910593033 0.017500000074505806 0
			vertex 0.03999999910593033 0.014000000432133675 -0.006000000052154064
		endloop
	endfacet
	facet normal 0 0 1
		outer loop
			vertex 0.0035000001080334187 -0.009999999776482582 0
			vertex 0 -0.017500000074505806 0
			vertex 0.0035000001080334187 -0.014000000432133675 0
		endloop
	endfacet
	facet normal 0 0 1
		outer loop
			vertex 0.0035000001080334187 -0.00800000037997961 0
			vertex 0 -0.017500000074505806 0
			vertex 0.0035000001080334187 -0.009999999776482582 0
		endloop
	endfacet
	facet normal 0 0 1
		outer loop
			vertex 0 0.017500000074505806 0
			vertex 0.0035000001080334187 -0.00800000037997961 0
			vertex 0.0035000001080334187 0.00800000037997961 0
		endloop
	endfacet
	facet normal 0 0 1
		outer loop
			vertex 0 0.017500000074505806 0
			vertex 0.0035000001080334187 0.009999999776482582 0
			vertex 0.0035000001080334187 0.014000000432133675 0
		endloop
	endfacet
	facet normal 0 0 1
		outer loop
			vertex 0 0.017500000074505806 0
			vertex 0 -0.017500000074505806 0
			vertex 0.0035000001080334187 -0.00800000037997961 0
		endloop
	endfacet
	facet normal 0 0 1
		outer loop
			vertex 0 0.017500000074505806 0
			vertex 0.0035000001080334187 0.00800000037997961 0
			vertex 0.0035000001080334187 0.009999999776482582 0
		endloop
	endfacet
	facet normal 0 0 1
		outer loop
			vertex 0.0364999994635582 -0.014000000432133675 0
			vertex 0 -0.017500000074505806 0
			vertex 0.03999999910593033 -0.017500000074505806 0
		endloop
	endfacet
	facet normal 0 0 1
		outer loop
			vertex 0.0364999994635582 -0.014000000432133675 0
			vertex 0.0035000001080334187 -0.014000000432133675 0
			vertex 0 -0.017500000074505806 0
		endloop
	endfacet
	facet normal 0 0 1
		outer loop
			vertex 0.0364999994635582 -0.009999999776482582 0
			vertex 0.0364999994635582 -0.014000000432133675 0
			vertex 0.03999999910593033 -0.017500000074505806 0
		endloop
	endfacet
	facet normal 0 0 1
		outer loop
			vertex 0.0364999994635582 -0.00800000037997961 0
			vertex 0.0035000001080334187 -0.009999999776482582 0
			vertex 0.0364999994635582 -0.009999999776482582 0
		endloop
	endfacet
	facet normal 0 0 1
		outer loop
			vertex 0.0364999994635582 -0.00800000037997961 0
			vertex 0.0035000001080334187 -0.00800000037997961 0
			vertex 0.0035000001080334187 -0.009999999776482582 0
		endloop
	endfacet
	facet normal 0 0 1
		outer loop
			vertex 0.0364999994635582 -0.00800000037997961 0
			vertex 0.0364999994635582 -0.009999999776482582 0
			vertex 0.03999999910593033 -0.017500000074505806 0
		endloop
	endfacet
	facet normal 0 0 1
		outer loop
			vertex 0.0364999994635582 0.009999999776482582 0
			vertex 0.0035000001080334187 0.00800000037997961 0
			vertex 0.0364999994635582 0.00800000037997961 0
		endloop
	endfacet
	facet normal 0 0 1
		outer loop
			vertex 0.0364999994635582 0.009999999776482582 0
			vertex 0.0035000001080334187 0.009999999776482582 0
			vertex 0.0035000001080334187 0.00800000037997961 0
		endloop
	endfacet
	facet normal 0 0 1
		outer loop
			vertex 0.03999999910593033 0.017500000074505806 0
			vertex 0.0364999994635582 0.00800000037997961 0
			vertex 0.0364999994635582 -0.00800000037997961 0
		endloop
	endfacet
	facet normal 0 0 1
		outer loop
			vertex 0.03999999910593033 0.017500000074505806 0
			vertex 0.0364999994635582 0.014000000432133675 0
			vertex 0.0364999994635582 0.009999999776482582 0
		endloop
	endfacet
	facet normal 0 0 1
		outer loop
			vertex 0.03999999910593033 0.017500000074505806 0
			vertex 0.0364999994635582 0.009999999776482582 0
			vertex 0.0364999994635582 0.00800000037997961 0
		endloop
	endfacet
	facet normal 0 0 1
		outer loop
			vertex 0.03999999910593033 0.017500000074505806 0
			vertex 0.0364999994635582 -0.00800000037997961 0
			vertex 0.03999999910593033 -0.017500000074505806 0
		endloop
	endfacet
	facet normal 0 0 1
		outer loop
			vertex 0.03999999910593033 0.017500000074505806 0
			vertex 0 0.017500000074505806 0
			vertex 0.0035000001080334187 0.014000000432133675 0
		endloop
	endfacet
	facet normal 0 0 1
		outer loop
			vertex 0.03999999910593033 0.017500000074505806 0
			vertex 0.0035000001080334187 0.014000000432133675 0
			vertex 0.0364999994635582 0.014000000432133675 0
		endloop
	endfacet
	facet normal 0 0 1
		outer loop
			vertex 0.012968369759619236 -0.003325540106743574 0
			vertex 0.010918095707893372 -0.004052683711051941 0
			vertex 0.011578877456486225 -0.004764837212860584 0
		endloop
	endfacet
	facet normal 0 0 1
		outer loop
			vertex 0.012968369759619236 -0.003325540106743574 0
			vertex 0.011578877456486225 -0.004764837212860584 0
			vertex 0.012338419444859028 -0.005370552185922861 0
		endloop
	endfacet
	facet normal 0 0 1
		outer loop
			vertex 0.012408922426402569 -0.0027118558064103127 0
			vertex 0.010370834730565548 -0.0032500000670552254 0
			vertex 0.010918095707893372 -0.004052683711051941 0
		endloop
	endfacet
	facet normal 0 0 1
		outer loop
			vertex 0.012408922426402569 -0.0027118558064103127 0
			vertex 0.010918095707893372 -0.004052683711051941 0
			vertex 0.012968369759619236 -0.003325540106743574 0
		endloop
	endfacet
	facet normal 0 0 1
		outer loop
			vertex 0.013631055131554604 -0.003825977211818099 0
			vertex 0.012338419444859028 -0.005370552185922861 0
			vertex 0.01317975576967001 -0.005856297444552183 0
		endloop
	endfacet
	facet normal 0 0 1
		outer loop
			vertex 0.013631055131554604 -0.003825977211818099 0
			vertex 0.012968369759619236 -0.003325540106743574 0
			vertex 0.012338419444859028 -0.005370552185922861 0
		endloop
	endfacet
	facet normal 0 0 1
		outer loop
			vertex 0.011971765197813511 -0.002005822490900755 0
			vertex 0.009949320927262306 -0.002374716568738222 0
			vertex 0.010370834730565548 -0.0032500000670552254 0
		endloop
	endfacet
	facet normal 0 0 1
		outer loop
			vertex 0.011971765197813511 -0.002005822490900755 0
			vertex 0.010370834730565548 -0.0032500000670552254 0
			vertex 0.012408922426402569 -0.0027118558064103127 0
		endloop
	endfacet
	facet normal 0 0 1
		outer loop
			vertex 0.014374412596225739 -0.004196125082671642 0
			vertex 0.013631055131554604 -0.003825977211818099 0
			vertex 0.01317975576967001 -0.005856297444552183 0
		endloop
	endfacet
	facet normal 0 0 1
		outer loop
			vertex 0.014374412596225739 -0.004196125082671642 0
			vertex 0.01317975576967001 -0.005856297444552183 0
			vertex 0.014084091410040855 -0.00621122308075428 0
		endloop
	endfacet
	facet normal 0 0 1
		outer loop
			vertex 0.011671784333884716 -0.0012314834166318178 0
			vertex 0.00966296810656786 -0.0014463861007243395 0
			vertex 0.009949320927262306 -0.002374716568738222 0
		endloop
	endfacet
	facet normal 0 0 1
		outer loop
			vertex 0.011671784333884716 -0.0012314834166318178 0
			vertex 0.009949320927262306 -0.002374716568738222 0
			vertex 0.011971765197813511 -0.002005822490900755 0
		endloop
	endfacet
	facet normal 0 0 1
		outer loop
			vertex 0.015173126943409443 -0.0044233789667487144 0
			vertex 0.014374412596225739 -0.004196125082671642 0
			vertex 0.014084091410040855 -0.00621122308075428 0
		endloop
	endfacet
	facet normal 0 0 1
		outer loop
			vertex 0.015173126943409443 -0.0044233789667487144 0
			vertex 0.014084091410040855 -0.00621122308075428 0
			vertex 0.015031225048005581 -0.006427400279790163 0
		endloop
	endfacet
	facet normal 0 0 1
		outer loop
			vertex 0.011519196443259716 -0.00041520761442370713 0
			vertex 0.009518175385892391 -0.00048574560787528753 0
			vertex 0.00966296810656786 -0.0014463861007243395 0
		endloop
	endfacet
	facet normal 0 0 1
		outer loop
			vertex 0.011519196443259716 -0.00041520761442370713 0
			vertex 0.00966296810656786 -0.0014463861007243395 0
			vertex 0.011671784333884716 -0.0012314834166318178 0
		endloop
	endfacet
	facet normal 0 0 1
		outer loop
			vertex 0.01600000075995922 -0.0044999998062849045 0
			vertex 0.015173126943409443 -0.0044233789667487144 0
			vertex 0.015031225048005581 -0.006427400279790163 0
		endloop
	endfacet
	facet normal 0 0 1
		outer loop
			vertex 0.01600000075995922 -0.0044999998062849045 0
			vertex 0.015031225048005581 -0.006427400279790163 0
			vertex 0.01600000075995922 -0.006500000134110451 0
		endloop
	endfacet
	facet normal 0 0 1
		outer loop
			vertex 0.011519196443259716 0.00041520761442370713 0
			vertex 0.009518175385892391 -0.00048574560787528753 0
			vertex 0.011519196443259716 -0.00041520761442370713 0
		endloop
	endfacet
	facet normal 0 0 1
		outer loop
			vertex 0.011519196443259716 0.00041520761442370713 0
			vertex 0.00966296810656786 0.0014463861007243395 0
			vertex 0.009518175385892391 0.00048574560787528753 0
		endloop
	endfacet
	facet normal 0 0 1
		outer loop
			vertex 0.011519196443259716 0.00041520761442370713 0
			vertex 0.009518175385892391 0.00048574560787528753 0
			vertex 0.009518175385892391 -0.00048574560787528753 0
		endloop
	endfacet
	facet normal 0 0 1
		outer loop
			vertex 0.011671784333884716 0.0012314834166318178 0
			vertex 0.009949320927262306 0.002374716568738222 0
			vertex 0.00966296810656786 0.0014463861007243395 0
		endloop
	endfacet
	facet normal 0 0 1
		outer loop
			vertex 0.011671784333884716 0.0012314834166318178 0
			vertex 0.00966296810656786 0.0014463861007243395 0
			vertex 0.011519196443259716 0.00041520761442370713 0
		endloop
	endfacet
	facet normal 0 0 1
		outer loop
			vertex 0.011971765197813511 0.002005822490900755 0
			vertex 0.010370834730565548 0.0032500000670552254 0
			vertex 0.009949320927262306 0.002374716568738222 0
		endloop
	endfacet
	facet normal 0 0 1
		outer loop
			vertex 0.011971765197813511 0.002005822490900755 0
			vertex 0.009949320927262306 0.002374716568738222 0
			vertex 0.011671784333884716 0.0012314834166318178 0
		endloop
	endfacet
	facet normal 0 0 1
		outer loop
			vertex 0.012408922426402569 0.0027118558064103127 0
			vertex 0.010918095707893372 0.004052683711051941 0
			vertex 0.010370834730565548 0.0032500000670552254 0
		endloop
	endfacet
	facet normal 0 0 1
		outer loop
			vertex 0.012408922426402569 0.0027118558064103127 0
			vertex 0.010370834730565548 0.0032500000670552254 0
			vertex 0.011971765197813511 0.002005822490900755 0
		endloop
	endfacet
	facet normal 0 0 1
		outer loop
			vertex 0.012968369759619236 0.003325540106743574 0
			vertex 0.010918095707893372 0.004052683711051941 0
			vertex 0.012408922426402569 0.0027118558064103127 0
		endloop
	endfacet
	facet normal 0 0 1
		outer loop
			vertex 0.011578877456486225 0.004764837212860584 0
			vertex 0.010918095707893372 0.004052683711051941 0
			vertex 0.012968369759619236 0.003325540106743574 0
		endloop
	endfacet
	facet normal 0 0 1
		outer loop
			vertex 0.012338419444859028 0.005370552185922861 0
			vertex 0.011578877456486225 0.004764837212860584 0
			vertex 0.012968369759619236 0.003325540106743574 0
		endloop
	endfacet
	facet normal 0 0 1
		outer loop
			vertex 0.012338419444859028 0.005370552185922861 0
			vertex 0.012968369759619236 0.003325540106743574 0
			vertex 0.013631055131554604 0.003825977211818099 0
		endloop
	endfacet
	facet normal 0 0 1
		outer loop
			vertex 0.01317975576967001 0.005856297444552183 0
			vertex 0.012338419444859028 0.005370552185922861 0
			vertex 0.013631055131554604 0.003825977211818099 0
		endloop
	endfacet
	facet normal 0 0 1
		outer loop
			vertex 0.01317975576967001 0.005856297444552183 0
			vertex 0.013631055131554604 0.003825977211818099 0
			vertex 0.014374412596225739 0.004196125082671642 0
		endloop
	endfacet
	facet normal 0 0 1
		outer loop
			vertex 0.014084091410040855 0.00621122308075428 0
			vertex 0.01317975576967001 0.005856297444552183 0
			vertex 0.014374412596225739 0.004196125082671642 0
		endloop
	endfacet
	facet normal 0 0 1
		outer loop
			vertex 0.014084091410040855 0.00621122308075428 0
			vertex 0.014374412596225739 0.004196125082671642 0
			vertex 0.015173126943409443 0.0044233789667487144 0
		endloop
	endfacet
	facet normal 0 0 1
		outer loop
			vertex 0.015031225048005581 0.006427400279790163 0
			vertex 0.014084091410040855 0.00621122308075428 0
			vertex 0.015173126943409443 0.0044233789667487144 0
		endloop
	endfacet
	facet normal 0 0 1
		outer loop
			vertex 0.015031225048005581 0.006427400279790163 0
			vertex 0.015173126943409443 0.0044233789667487144 0
			vertex 0.01600000075995922 0.0044999998062849045 0
		endloop
	endfacet
	facet normal 0 0 1
		outer loop
			vertex 0.027000000700354576 -0.0044999998062849045 0
			vertex 0.01600000075995922 -0.0044999998062849045 0
			vertex 0.01600000075995922 -0.006500000134110451 0
		endloop
	endfacet
	facet normal 0 0 1
		outer loop
			vertex 0.027000000700354576 -0.0044999998062849045 0
			vertex 0.01600000075995922 -0.006500000134110451 0
			vertex 0.027000000700354576 -0.006500000134110451 0
		endloop
	endfacet
	facet normal 0 0 1
		outer loop
			vertex 0.027000000700354576 -0.0044999998062849045 0
			vertex 0.027000000700354576 -0.006500000134110451 0
			vertex 0.02795206755399704 -0.00642989668995142 0
		endloop
	endfacet
	facet normal 0 0 1
		outer loop
			vertex 0.01600000075995922 0.006500000134110451 0
			vertex 0.015031225048005581 0.006427400279790163 0
			vertex 0.01600000075995922 0.0044999998062849045 0
		endloop
	endfacet
	facet normal 0 0 1
		outer loop
			vertex 0.02782687358558178 -0.0044233789667487144 0
			vertex 0.027000000700354576 -0.0044999998062849045 0
			vertex 0.02795206755399704 -0.00642989668995142 0
		endloop
	endfacet
	facet normal 0 0 1
		outer loop
			vertex 0.02782687358558178 -0.0044233789667487144 0
			vertex 0.02795206755399704 -0.00642989668995142 0
			vertex 0.028883596882224083 -0.006221098359674215 0
		endloop
	endfacet
	facet normal 0 0 1
		outer loop
			vertex 0.02862558700144291 -0.004196125082671642 0
			vertex 0.02782687358558178 -0.0044233789667487144 0
			vertex 0.028883596882224083 -0.006221098359674215 0
		endloop
	endfacet
	facet normal 0 0 1
		outer loop
			vertex 0.02862558700144291 -0.004196125082671642 0
			vertex 0.028883596882224083 -0.006221098359674215 0
			vertex 0.0297744981944561 -0.005878109019249678 0
		endloop
	endfacet
	facet normal 0 0 1
		outer loop
			vertex 0.029368944466114044 -0.003825977211818099 0
			vertex 0.0297744981944561 -0.005878109019249678 0
			vertex 0.030605550855398178 -0.005408327095210552 0
		endloop
	endfacet
	facet normal 0 0 1
		outer loop
			vertex 0.029368944466114044 -0.003825977211818099 0
			vertex 0.02862558700144291 -0.004196125082671642 0
			vertex 0.0297744981944561 -0.005878109019249678 0
		endloop
	endfacet
	facet normal 0 0 1
		outer loop
			vertex 0.030031630769371986 -0.003325540106743574 0
			vertex 0.030605550855398178 -0.005408327095210552 0
			vertex 0.031358830630779266 -0.004821885842829943 0
		endloop
	endfacet
	facet normal 0 0 1
		outer loop
			vertex 0.030031630769371986 -0.003325540106743574 0
			vertex 0.029368944466114044 -0.003825977211818099 0
			vertex 0.030605550855398178 -0.005408327095210552 0
		endloop
	endfacet
	facet normal 0 0 1
		outer loop
			vertex 0.03201809152960777 -0.004131434950977564 0
			vertex 0.030591078102588654 -0.0027118558064103127 0
			vertex 0.030031630769371986 -0.003325540106743574 0
		endloop
	endfacet
	facet normal 0 0 1
		outer loop
			vertex 0.03201809152960777 -0.004131434950977564 0
			vertex 0.030031630769371986 -0.003325540106743574 0
			vertex 0.031358830630779266 -0.004821885842829943 0
		endloop
	endfacet
	facet normal 0 0 1
		outer loop
			vertex 0.03256911039352417 -0.0033518678974360228 0
			vertex 0.03102823533117771 -0.002005822490900755 0
			vertex 0.030591078102588654 -0.0027118558064103127 0
		endloop
	endfacet
	facet normal 0 0 1
		outer loop
			vertex 0.03256911039352417 -0.0033518678974360228 0
			vertex 0.030591078102588654 -0.0027118558064103127 0
			vertex 0.03201809152960777 -0.004131434950977564 0
		endloop
	endfacet
	facet normal 0 0 1
		outer loop
			vertex 0.032999999821186066 -0.0024999999441206455 0
			vertex 0.031328216195106506 -0.0012314834166318178 0
			vertex 0.03102823533117771 -0.002005822490900755 0
		endloop
	endfacet
	facet normal 0 0 1
		outer loop
			vertex 0.032999999821186066 -0.0024999999441206455 0
			vertex 0.03102823533117771 -0.002005822490900755 0
			vertex 0.03256911039352417 -0.0033518678974360228 0
		endloop
	endfacet
	facet normal 0 0 1
		outer loop
			vertex 0.031480804085731506 -0.00041520761442370713 0
			vertex 0.031328216195106506 -0.0012314834166318178 0
			vertex 0.032999999821186066 -0.0024999999441206455 0
		endloop
	endfacet
	facet normal 0 0 1
		outer loop
			vertex 0.027000000700354576 0.006500000134110451 0
			vertex 0.01600000075995922 0.0044999998062849045 0
			vertex 0.027000000700354576 0.0044999998062849045 0
		endloop
	endfacet
	facet normal 0 0 1
		outer loop
			vertex 0.027000000700354576 0.006500000134110451 0
			vertex 0.01600000075995922 0.006500000134110451 0
			vertex 0.01600000075995922 0.0044999998062849045 0
		endloop
	endfacet
	facet normal 0 0 1
		outer loop
			vertex 0.02795206755399704 0.00642989668995142 0
			vertex 0.027000000700354576 0.0044999998062849045 0
			vertex 0.02782687358558178 0.0044233789667487144 0
		endloop
	endfacet
	facet normal 0 0 1
		outer loop
			vertex 0.02795206755399704 0.00642989668995142 0
			vertex 0.027000000700354576 0.006500000134110451 0
			vertex 0.027000000700354576 0.0044999998062849045 0
		endloop
	endfacet
	facet normal 0 0 1
		outer loop
			vertex 0.028883596882224083 0.006221098359674215 0
			vertex 0.02782687358558178 0.0044233789667487144 0
			vertex 0.02862558700144291 0.004196125082671642 0
		endloop
	endfacet
	facet normal 0 0 1
		outer loop
			vertex 0.028883596882224083 0.006221098359674215 0
			vertex 0.02795206755399704 0.00642989668995142 0
			vertex 0.02782687358558178 0.0044233789667487144 0
		endloop
	endfacet
	facet normal 0 0 1
		outer loop
			vertex 0.032999999821186066 0.0024999999441206455 0
			vertex 0.03102823533117771 0.002005822490900755 0
			vertex 0.031328216195106506 0.0012314834166318178 0
		endloop
	endfacet
	facet normal 0 0 1
		outer loop
			vertex 0.032999999821186066 0.0024999999441206455 0
			vertex 0.031328216195106506 0.0012314834166318178 0
			vertex 0.031480804085731506 0.00041520761442370713 0
		endloop
	endfacet
	facet normal 0 0 1
		outer loop
			vertex 0.032999999821186066 0.0024999999441206455 0
			vertex 0.031480804085731506 0.00041520761442370713 0
			vertex 0.031480804085731506 -0.00041520761442370713 0
		endloop
	endfacet
	facet normal 0 0 1
		outer loop
			vertex 0.032999999821186066 0.0024999999441206455 0
			vertex 0.031480804085731506 -0.00041520761442370713 0
			vertex 0.032999999821186066 -0.0024999999441206455 0
		endloop
	endfacet
	facet normal 0 0 1
		outer loop
			vertex 0.0297744981944561 0.005878109019249678 0
			vertex 0.028883596882224083 0.006221098359674215 0
			vertex 0.02862558700144291 0.004196125082671642 0
		endloop
	endfacet
	facet normal 0 0 1
		outer loop
			vertex 0.0297744981944561 0.005878109019249678 0
			vertex 0.02862558700144291 0.004196125082671642 0
			vertex 0.029368944466114044 0.003825977211818099 0
		endloop
	endfacet
	facet normal 0 0 1
		outer loop
			vertex 0.03256911039352417 0.0033518678974360228 0
			vertex 0.03102823533117771 0.002005822490900755 0
			vertex 0.032999999821186066 0.0024999999441206455 0
		endloop
	endfacet
	facet normal 0 0 1
		outer loop
			vertex 0.03256911039352417 0.0033518678974360228 0
			vertex 0.030591078102588654 0.0027118558064103127 0
			vertex 0.03102823533117771 0.002005822490900755 0
		endloop
	endfacet
	facet normal 0 0 1
		outer loop
			vertex 0.030605550855398178 0.005408327095210552 0
			vertex 0.0297744981944561 0.005878109019249678 0
			vertex 0.029368944466114044 0.003825977211818099 0
		endloop
	endfacet
	facet normal 0 0 1
		outer loop
			vertex 0.030605550855398178 0.005408327095210552 0
			vertex 0.029368944466114044 0.003825977211818099 0
			vertex 0.030031630769371986 0.003325540106743574 0
		endloop
	endfacet
	facet normal 0 0 1
		outer loop
			vertex 0.03201809152960777 0.004131434950977564 0
			vertex 0.030591078102588654 0.0027118558064103127 0
			vertex 0.03256911039352417 0.0033518678974360228 0
		endloop
	endfacet
	facet normal 0 0 1
		outer loop
			vertex 0.03201809152960777 0.004131434950977564 0
			vertex 0.030031630769371986 0.003325540106743574 0
			vertex 0.030591078102588654 0.0027118558064103127 0
		endloop
	endfacet
	facet normal 0 0 1
		outer loop
			vertex 0.031358830630779266 0.004821885842829943 0
			vertex 0.030605550855398178 0.005408327095210552 0
			vertex 0.030031630769371986 0.003325540106743574 0
		endloop
	endfacet
	facet normal 0 0 1
		outer loop
			vertex 0.031358830630779266 0.004821885842829943 0
			vertex 0.030031630769371986 0.003325540106743574 0
			vertex 0.03201809152960777 0.004131434950977564 0
		endloop
	endfacet
	facet normal -1 0 0
		outer loop
			vertex 0 -0.009999999776482582 -0.0364999994635582
			vertex 0 -0.017500000074505806 -0.03999999910593033
			vertex 0 -0.014000000432133675 -0.0364999994635582
		endloop
	endfacet
	facet normal -1 0 0
		outer loop
			vertex 0 -0.00800000037997961 -0.0364999994635582
			vertex 0 -0.017500000074505806 -0.03999999910593033
			vertex 0 -0.009999999776482582 -0.0364999994635582
		endloop
	endfacet
	facet normal -1 0 0
		outer loop
			vertex 0 0.017500000074505806 -0.03999999910593033
			vertex 0 -0.00800000037997961 -0.0364999994635582
			vertex 0 0.00800000037997961 -0.0364999994635582
		endloop
	endfacet
	facet normal -1 0 0
		outer loop
			vertex 0 0.017500000074505806 -0.03999999910593033
			vertex 0 0.009999999776482582 -0.0364999994635582
			vertex 0 0.014000000432133675 -0.0364999994635582
		endloop
	endfacet
	facet normal -1 0 0
		outer loop
			vertex 0 0.017500000074505806 -0.03999999910593033
			vertex 0 -0.017500000074505806 -0.03999999910593033
			vertex 0 -0.00800000037997961 -0.0364999994635582
		endloop
	endfacet
	facet normal -1 0 0
		outer loop
			vertex 0 0.017500000074505806 -0.03999999910593033
			vertex 0 0.00800000037997961 -0.0364999994635582
			vertex 0 0.009999999776482582 -0.0364999994635582
		endloop
	endfacet
	facet normal -1 0 0
		outer loop
			vertex 0 -0.014000000432133675 -0.0035000001080334187
			vertex 0 -0.017500000074505806 -0.03999999910593033
			vertex 0 -0.017500000074505806 0
		endloop
	endfacet
	facet normal -1 0 0
		outer loop
			vertex 0 -0.014000000432133675 -0.0035000001080334187
			vertex 0 -0.014000000432133675 -0.0364999994635582
			vertex 0 -0.017500000074505806 -0.03999999910593033
		endloop
	endfacet
	facet normal -1 0 0
		outer loop
			vertex 0 -0.009999999776482582 -0.0035000001080334187
			vertex 0 -0.014000000432133675 -0.0035000001080334187
			vertex 0 -0.017500000074505806 0
		endloop
	endfacet
	facet normal -1 0 0
		outer loop
			vertex 0 -0.00800000037997961 -0.0035000001080334187
			vertex 0 -0.009999999776482582 -0.0364999994635582
			vertex 0 -0.009999999776482582 -0.0035000001080334187
		endloop
	endfacet
	facet normal -1 0 0
		outer loop
			vertex 0 -0.00800000037997961 -0.0035000001080334187
			vertex 0 -0.00800000037997961 -0.0364999994635582
			vertex 0 -0.009999999776482582 -0.0364999994635582
		endloop
	endfacet
	facet normal -1 0 0
		outer loop
			vertex 0 -0.00800000037997961 -0.0035000001080334187
			vertex 0 -0.009999999776482582 -0.0035000001080334187
			vertex 0 -0.017500000074505806 0
		endloop
	endfacet
	facet normal -1 0 0
		outer loop
			vertex 0 0.009999999776482582 -0.0035000001080334187
			vertex 0 0.00800000037997961 -0.0364999994635582
			vertex 0 0.00800000037997961 -0.0035000001080334187
		endloop
	endfacet
	facet normal -1 0 0
		outer loop
			vertex 0 0.009999999776482582 -0.0035000001080334187
			vertex 0 0.009999999776482582 -0.0364999994635582
			vertex 0 0.00800000037997961 -0.0364999994635582
		endloop
	endfacet
	facet normal -1 0 0
		outer loop
			vertex 0 0.017500000074505806 0
			vertex 0 0.00800000037997961 -0.0035000001080334187
			vertex 0 -0.00800000037997961 -0.0035000001080334187
		endloop
	endfacet
	facet normal -1 0 0
		outer loop
			vertex 0 0.017500000074505806 0
			vertex 0 0.014000000432133675 -0.0035000001080334187
			vertex 0 0.009999999776482582 -0.0035000001080334187
		endloop
	endfacet
	facet normal -1 0 0
		outer loop
			vertex 0 0.017500000074505806 0
			vertex 0 0.009999999776482582 -0.0035000001080334187
			vertex 0 0.00800000037997961 -0.0035000001080334187
		endloop
	endfacet
	facet normal -1 0 0
		outer loop
			vertex 0 0.017500000074505806 0
			vertex 0 -0.00800000037997961 -0.0035000001080334187
			vertex 0 -0.017500000074505806 0
		endloop
	endfacet
	facet normal -1 0 0
		outer loop
			vertex 0 0.017500000074505806 0
			vertex 0 0.017500000074505806 -0.03999999910593033
			vertex 0 0.014000000432133675 -0.0364999994635582
		endloop
	endfacet
	facet normal -1 0 0
		outer loop
			vertex 0 0.017500000074505806 0
			vertex 0 0.014000000432133675 -0.0364999994635582
			vertex 0 0.014000000432133675 -0.0035000001080334187
		endloop
	endfacet
	facet normal -1 0 0
		outer loop
			vertex 0 -0.003325540106743574 -0.030031630769371986
			vertex 0 -0.004131434950977564 -0.03201809152960777
			vertex 0 -0.004821885842829943 -0.031358830630779266
		endloop
	endfacet
	facet normal -1 0 0
		outer loop
			vertex 0 -0.003325540106743574 -0.030031630769371986
			vertex 0 -0.004821885842829943 -0.031358830630779266
			vertex 0 -0.005408327095210552 -0.030605550855398178
		endloop
	endfacet
	facet normal -1 0 0
		outer loop
			vertex 0 -0.0027118558064103127 -0.030591078102588654
			vertex 0 -0.0033518678974360228 -0.03256911039352417
			vertex 0 -0.004131434950977564 -0.03201809152960777
		endloop
	endfacet
	facet normal -1 0 0
		outer loop
			vertex 0 -0.0027118558064103127 -0.030591078102588654
			vertex 0 -0.004131434950977564 -0.03201809152960777
			vertex 0 -0.003325540106743574 -0.030031630769371986
		endloop
	endfacet
	facet normal -1 0 0
		outer loop
			vertex 0 -0.003825977211818099 -0.029368944466114044
			vertex 0 -0.005408327095210552 -0.030605550855398178
			vertex 0 -0.005878109019249678 -0.0297744981944561
		endloop
	endfacet
	facet normal -1 0 0
		outer loop
			vertex 0 -0.003825977211818099 -0.029368944466114044
			vertex 0 -0.003325540106743574 -0.030031630769371986
			vertex 0 -0.005408327095210552 -0.030605550855398178
		endloop
	endfacet
	facet normal -1 0 0
		outer loop
			vertex 0 -0.002005822490900755 -0.03102823533117771
			vertex 0 -0.0033518678974360228 -0.03256911039352417
			vertex 0 -0.0027118558064103127 -0.030591078102588654
		endloop
	endfacet
	facet normal -1 0 0
		outer loop
			vertex 0 -0.002005822490900755 -0.03102823533117771
			vertex 0 -0.0024999999441206455 -0.032999999821186066
			vertex 0 -0.0033518678974360228 -0.03256911039352417
		endloop
	endfacet
	facet normal -1 0 0
		outer loop
			vertex 0 -0.004196125082671642 -0.02862558700144291
			vertex 0 -0.005878109019249678 -0.0297744981944561
			vertex 0 -0.006221098359674215 -0.028883596882224083
		endloop
	endfacet
	facet normal -1 0 0
		outer loop
			vertex 0 -0.004196125082671642 -0.02862558700144291
			vertex 0 -0.003825977211818099 -0.029368944466114044
			vertex 0 -0.005878109019249678 -0.0297744981944561
		endloop
	endfacet
	facet normal -1 0 0
		outer loop
			vertex 0 -0.0012314834166318178 -0.031328216195106506
			vertex 0 -0.0024999999441206455 -0.032999999821186066
			vertex 0 -0.002005822490900755 -0.03102823533117771
		endloop
	endfacet
	facet normal -1 0 0
		outer loop
			vertex 0 -0.0044233789667487144 -0.02782687358558178
			vertex 0 -0.006221098359674215 -0.028883596882224083
			vertex 0 -0.00642989668995142 -0.02795206755399704
		endloop
	endfacet
	facet normal -1 0 0
		outer loop
			vertex 0 -0.0044233789667487144 -0.02782687358558178
			vertex 0 -0.004196125082671642 -0.02862558700144291
			vertex 0 -0.006221098359674215 -0.028883596882224083
		endloop
	endfacet
	facet normal -1 0 0
		outer loop
			vertex 0 -0.00041520761442370713 -0.031480804085731506
			vertex 0 -0.0024999999441206455 -0.032999999821186066
			vertex 0 -0.0012314834166318178 -0.031328216195106506
		endloop
	endfacet
	facet normal -1 0 0
		outer loop
			vertex 0 -0.0044999998062849045 -0.027000000700354576
			vertex 0 -0.00642989668995142 -0.02795206755399704
			vertex 0 -0.006500000134110451 -0.027000000700354576
		endloop
	endfacet
	facet normal -1 0 0
		outer loop
			vertex 0 -0.0044999998062849045 -0.027000000700354576
			vertex 0 -0.0044233789667487144 -0.02782687358558178
			vertex 0 -0.00642989668995142 -0.02795206755399704
		endloop
	endfacet
	facet normal -1 0 0
		outer loop
			vertex 0 0.0024999999441206455 -0.032999999821186066
			vertex 0 -0.0024999999441206455 -0.032999999821186066
			vertex 0 -0.00041520761442370713 -0.031480804085731506
		endloop
	endfacet
	facet normal -1 0 0
		outer loop
			vertex 0 0.0024999999441206455 -0.032999999821186066
			vertex 0 -0.00041520761442370713 -0.031480804085731506
			vertex 0 0.00041520761442370713 -0.031480804085731506
		endloop
	endfacet
	facet normal -1 0 0
		outer loop
			vertex 0 0.0012314834166318178 -0.031328216195106506
			vertex 0 0.0024999999441206455 -0.032999999821186066
			vertex 0 0.00041520761442370713 -0.031480804085731506
		endloop
	endfacet
	facet normal -1 0 0
		outer loop
			vertex 0 0.002005822490900755 -0.03102823533117771
			vertex 0 0.0033518678974360228 -0.03256911039352417
			vertex 0 0.0024999999441206455 -0.032999999821186066
		endloop
	endfacet
	facet normal -1 0 0
		outer loop
			vertex 0 0.002005822490900755 -0.03102823533117771
			vertex 0 0.0024999999441206455 -0.032999999821186066
			vertex 0 0.0012314834166318178 -0.031328216195106506
		endloop
	endfacet
	facet normal -1 0 0
		outer loop
			vertex 0 0.0027118558064103127 -0.030591078102588654
			vertex 0 0.0033518678974360228 -0.03256911039352417
			vertex 0 0.002005822490900755 -0.03102823533117771
		endloop
	endfacet
	facet normal -1 0 0
		outer loop
			vertex 0 0.0027118558064103127 -0.030591078102588654
			vertex 0 0.004131434950977564 -0.03201809152960777
			vertex 0 0.0033518678974360228 -0.03256911039352417
		endloop
	endfacet
	facet normal -1 0 0
		outer loop
			vertex 0 0.003325540106743574 -0.030031630769371986
			vertex 0 0.004131434950977564 -0.03201809152960777
			vertex 0 0.0027118558064103127 -0.030591078102588654
		endloop
	endfacet
	facet normal -1 0 0
		outer loop
			vertex 0 0.004821885842829943 -0.031358830630779266
			vertex 0 0.004131434950977564 -0.03201809152960777
			vertex 0 0.003325540106743574 -0.030031630769371986
		endloop
	endfacet
	facet normal -1 0 0
		outer loop
			vertex 0 0.005408327095210552 -0.030605550855398178
			vertex 0 0.004821885842829943 -0.031358830630779266
			vertex 0 0.003325540106743574 -0.030031630769371986
		endloop
	endfacet
	facet normal -1 0 0
		outer loop
			vertex 0 0.005408327095210552 -0.030605550855398178
			vertex 0 0.003325540106743574 -0.030031630769371986
			vertex 0 0.003825977211818099 -0.029368944466114044
		endloop
	endfacet
	facet normal -1 0 0
		outer loop
			vertex 0 0.005878109019249678 -0.0297744981944561
			vertex 0 0.005408327095210552 -0.030605550855398178
			vertex 0 0.003825977211818099 -0.029368944466114044
		endloop
	endfacet
	facet normal -1 0 0
		outer loop
			vertex 0 0.005878109019249678 -0.0297744981944561
			vertex 0 0.003825977211818099 -0.029368944466114044
			vertex 0 0.004196125082671642 -0.02862558700144291
		endloop
	endfacet
	facet normal -1 0 0
		outer loop
			vertex 0 0.006221098359674215 -0.028883596882224083
			vertex 0 0.005878109019249678 -0.0297744981944561
			vertex 0 0.004196125082671642 -0.02862558700144291
		endloop
	endfacet
	facet normal -1 0 0
		outer loop
			vertex 0 0.006221098359674215 -0.028883596882224083
			vertex 0 0.004196125082671642 -0.02862558700144291
			vertex 0 0.0044233789667487144 -0.02782687358558178
		endloop
	endfacet
	facet normal -1 0 0
		outer loop
			vertex 0 0.00642989668995142 -0.02795206755399704
			vertex 0 0.0044233789667487144 -0.02782687358558178
			vertex 0 0.0044999998062849045 -0.027000000700354576
		endloop
	endfacet
	facet normal -1 0 0
		outer loop
			vertex 0 0.00642989668995142 -0.02795206755399704
			vertex 0 0.006221098359674215 -0.028883596882224083
			vertex 0 0.0044233789667487144 -0.02782687358558178
		endloop
	endfacet
	facet normal -1 0 0
		outer loop
			vertex 0 -0.0044999998062849045 -0.01600000075995922
			vertex 0 -0.006500000134110451 -0.027000000700354576
			vertex 0 -0.006500000134110451 -0.01600000075995922
		endloop
	endfacet
	facet normal -1 0 0
		outer loop
			vertex 0 -0.0044999998062849045 -0.01600000075995922
			vertex 0 -0.0044999998062849045 -0.027000000700354576
			vertex 0 -0.006500000134110451 -0.027000000700354576
		endloop
	endfacet
	facet normal -1 0 0
		outer loop
			vertex 0 -0.0044999998062849045 -0.01600000075995922
			vertex 0 -0.006500000134110451 -0.01600000075995922
			vertex 0 -0.006427400279790163 -0.015031225048005581
		endloop
	endfacet
	facet normal -1 0 0
		outer loop
			vertex 0 0.006500000134110451 -0.027000000700354576
			vertex 0 0.00642989668995142 -0.02795206755399704
			vertex 0 0.0044999998062849045 -0.027000000700354576
		endloop
	endfacet
	facet normal -1 0 0
		outer loop
			vertex 0 -0.0044233789667487144 -0.015173126943409443
			vertex 0 -0.006427400279790163 -0.015031225048005581
			vertex 0 -0.00621122308075428 -0.014084091410040855
		endloop
	endfacet
	facet normal -1 0 0
		outer loop
			vertex 0 -0.0044233789667487144 -0.015173126943409443
			vertex 0 -0.0044999998062849045 -0.01600000075995922
			vertex 0 -0.006427400279790163 -0.015031225048005581
		endloop
	endfacet
	facet normal -1 0 0
		outer loop
			vertex 0 -0.004196125082671642 -0.014374412596225739
			vertex 0 -0.00621122308075428 -0.014084091410040855
			vertex 0 -0.005856297444552183 -0.01317975576967001
		endloop
	endfacet
	facet normal -1 0 0
		outer loop
			vertex 0 -0.004196125082671642 -0.014374412596225739
			vertex 0 -0.0044233789667487144 -0.015173126943409443
			vertex 0 -0.00621122308075428 -0.014084091410040855
		endloop
	endfacet
	facet normal -1 0 0
		outer loop
			vertex 0 -0.003825977211818099 -0.013631055131554604
			vertex 0 -0.005856297444552183 -0.01317975576967001
			vertex 0 -0.005370552185922861 -0.012338419444859028
		endloop
	endfacet
	facet normal -1 0 0
		outer loop
			vertex 0 -0.003825977211818099 -0.013631055131554604
			vertex 0 -0.004196125082671642 -0.014374412596225739
			vertex 0 -0.005856297444552183 -0.01317975576967001
		endloop
	endfacet
	facet normal -1 0 0
		outer loop
			vertex 0 -0.003325540106743574 -0.012968369759619236
			vertex 0 -0.005370552185922861 -0.012338419444859028
			vertex 0 -0.004764837212860584 -0.011578877456486225
		endloop
	endfacet
	facet normal -1 0 0
		outer loop
			vertex 0 -0.003325540106743574 -0.012968369759619236
			vertex 0 -0.003825977211818099 -0.013631055131554604
			vertex 0 -0.005370552185922861 -0.012338419444859028
		endloop
	endfacet
	facet normal -1 0 0
		outer loop
			vertex 0 -0.004052683711051941 -0.010918095707893372
			vertex 0 -0.003325540106743574 -0.012968369759619236
			vertex 0 -0.004764837212860584 -0.011578877456486225
		endloop
	endfacet
	facet normal -1 0 0
		outer loop
			vertex 0 -0.004052683711051941 -0.010918095707893372
			vertex 0 -0.0027118558064103127 -0.012408922426402569
			vertex 0 -0.003325540106743574 -0.012968369759619236
		endloop
	endfacet
	facet normal -1 0 0
		outer loop
			vertex 0 -0.0032500000670552254 -0.010370834730565548
			vertex 0 -0.002005822490900755 -0.011971765197813511
			vertex 0 -0.0027118558064103127 -0.012408922426402569
		endloop
	endfacet
	facet normal -1 0 0
		outer loop
			vertex 0 -0.0032500000670552254 -0.010370834730565548
			vertex 0 -0.0027118558064103127 -0.012408922426402569
			vertex 0 -0.004052683711051941 -0.010918095707893372
		endloop
	endfacet
	facet normal -1 0 0
		outer loop
			vertex 0 -0.002374716568738222 -0.009949320927262306
			vertex 0 -0.0012314834166318178 -0.011671784333884716
			vertex 0 -0.002005822490900755 -0.011971765197813511
		endloop
	endfacet
	facet normal -1 0 0
		outer loop
			vertex 0 -0.002374716568738222 -0.009949320927262306
			vertex 0 -0.002005822490900755 -0.011971765197813511
			vertex 0 -0.0032500000670552254 -0.010370834730565548
		endloop
	endfacet
	facet normal -1 0 0
		outer loop
			vertex 0 -0.0014463861007243395 -0.00966296810656786
			vertex 0 -0.00041520761442370713 -0.011519196443259716
			vertex 0 -0.0012314834166318178 -0.011671784333884716
		endloop
	endfacet
	facet normal -1 0 0
		outer loop
			vertex 0 -0.0014463861007243395 -0.00966296810656786
			vertex 0 -0.0012314834166318178 -0.011671784333884716
			vertex 0 -0.002374716568738222 -0.009949320927262306
		endloop
	endfacet
	facet normal -1 0 0
		outer loop
			vertex 0 -0.00048574560787528753 -0.009518175385892391
			vertex 0 -0.00041520761442370713 -0.011519196443259716
			vertex 0 -0.0014463861007243395 -0.00966296810656786
		endloop
	endfacet
	facet normal -1 0 0
		outer loop
			vertex 0 0.006500000134110451 -0.01600000075995922
			vertex 0 0.006500000134110451 -0.027000000700354576
			vertex 0 0.0044999998062849045 -0.027000000700354576
		endloop
	endfacet
	facet normal -1 0 0
		outer loop
			vertex 0 0.006500000134110451 -0.01600000075995922
			vertex 0 0.0044999998062849045 -0.027000000700354576
			vertex 0 0.0044999998062849045 -0.01600000075995922
		endloop
	endfacet
	facet normal -1 0 0
		outer loop
			vertex 0 0.00048574560787528753 -0.009518175385892391
			vertex 0 0.00041520761442370713 -0.011519196443259716
			vertex 0 -0.00041520761442370713 -0.011519196443259716
		endloop
	endfacet
	facet normal -1 0 0
		outer loop
			vertex 0 0.00048574560787528753 -0.009518175385892391
			vertex 0 -0.00041520761442370713 -0.011519196443259716
			vertex 0 -0.00048574560787528753 -0.009518175385892391
		endloop
	endfacet
	facet normal -1 0 0
		outer loop
			vertex 0 0.006427400279790163 -0.015031225048005581
			vertex 0 0.0044999998062849045 -0.01600000075995922
			vertex 0 0.0044233789667487144 -0.015173126943409443
		endloop
	endfacet
	facet normal -1 0 0
		outer loop
			vertex 0 0.006427400279790163 -0.015031225048005581
			vertex 0 0.006500000134110451 -0.01600000075995922
			vertex 0 0.0044999998062849045 -0.01600000075995922
		endloop
	endfacet
	facet normal -1 0 0
		outer loop
			vertex 0 0.0014463861007243395 -0.00966296810656786
			vertex 0 0.0012314834166318178 -0.011671784333884716
			vertex 0 0.00041520761442370713 -0.011519196443259716
		endloop
	endfacet
	facet normal -1 0 0
		outer loop
			vertex 0 0.0014463861007243395 -0.00966296810656786
			vertex 0 0.00041520761442370713 -0.011519196443259716
			vertex 0 0.00048574560787528753 -0.009518175385892391
		endloop
	endfacet
	facet normal -1 0 0
		outer loop
			vertex 0 0.00621122308075428 -0.014084091410040855
			vertex 0 0.006427400279790163 -0.015031225048005581
			vertex 0 0.0044233789667487144 -0.015173126943409443
		endloop
	endfacet
	facet normal -1 0 0
		outer loop
			vertex 0 0.00621122308075428 -0.014084091410040855
			vertex 0 0.0044233789667487144 -0.015173126943409443
			vertex 0 0.004196125082671642 -0.014374412596225739
		endloop
	endfacet
	facet normal -1 0 0
		outer loop
			vertex 0 0.002374716568738222 -0.009949320927262306
			vertex 0 0.002005822490900755 -0.011971765197813511
			vertex 0 0.0012314834166318178 -0.011671784333884716
		endloop
	endfacet
	facet normal -1 0 0
		outer loop
			vertex 0 0.002374716568738222 -0.009949320927262306
			vertex 0 0.0012314834166318178 -0.011671784333884716
			vertex 0 0.0014463861007243395 -0.00966296810656786
		endloop
	endfacet
	facet normal -1 0 0
		outer loop
			vertex 0 0.005856297444552183 -0.01317975576967001
			vertex 0 0.004196125082671642 -0.014374412596225739
			vertex 0 0.003825977211818099 -0.013631055131554604
		endloop
	endfacet
	facet normal -1 0 0
		outer loop
			vertex 0 0.005856297444552183 -0.01317975576967001
			vertex 0 0.00621122308075428 -0.014084091410040855
			vertex 0 0.004196125082671642 -0.014374412596225739
		endloop
	endfacet
	facet normal -1 0 0
		outer loop
			vertex 0 0.0032500000670552254 -0.010370834730565548
			vertex 0 0.002005822490900755 -0.011971765197813511
			vertex 0 0.002374716568738222 -0.009949320927262306
		endloop
	endfacet
	facet normal -1 0 0
		outer loop
			vertex 0 0.0032500000670552254 -0.010370834730565548
			vertex 0 0.0027118558064103127 -0.012408922426402569
			vertex 0 0.002005822490900755 -0.011971765197813511
		endloop
	endfacet
	facet normal -1 0 0
		outer loop
			vertex 0 0.005370552185922861 -0.012338419444859028
			vertex 0 0.005856297444552183 -0.01317975576967001
			vertex 0 0.003825977211818099 -0.013631055131554604
		endloop
	endfacet
	facet normal -1 0 0
		outer loop
			vertex 0 0.005370552185922861 -0.012338419444859028
			vertex 0 0.003825977211818099 -0.013631055131554604
			vertex 0 0.003325540106743574 -0.012968369759619236
		endloop
	endfacet
	facet normal -1 0 0
		outer loop
			vertex 0 0.004052683711051941 -0.010918095707893372
			vertex 0 0.0027118558064103127 -0.012408922426402569
			vertex 0 0.0032500000670552254 -0.010370834730565548
		endloop
	endfacet
	facet normal -1 0 0
		outer loop
			vertex 0 0.004052683711051941 -0.010918095707893372
			vertex 0 0.003325540106743574 -0.012968369759619236
			vertex 0 0.0027118558064103127 -0.012408922426402569
		endloop
	endfacet
	facet normal -1 0 0
		outer loop
			vertex 0 0.004764837212860584 -0.011578877456486225
			vertex 0 0.005370552185922861 -0.012338419444859028
			vertex 0 0.003325540106743574 -0.012968369759619236
		endloop
	endfacet
	facet normal -1 0 0
		outer loop
			vertex 0 0.004764837212860584 -0.011578877456486225
			vertex 0 0.003325540106743574 -0.012968369759619236
			vertex 0 0.004052683711051941 -0.010918095707893372
		endloop
	endfacet
	facet normal 0 0 -1
		outer loop
			vertex 0.006000000052154064 -0.014000000432133675 -0.03999999910593033
			vertex 0.007000000216066837 -0.014000000432133675 -0.03999999910593033
			vertex 0.007000000216066837 -0.017500000074505806 -0.03999999910593033
		endloop
	endfacet
	facet normal 0 0 -1
		outer loop
			vertex 0 -0.017500000074505806 -0.03999999910593033
			vertex 0.006000000052154064 -0.014000000432133675 -0.03999999910593033
			vertex 0.007000000216066837 -0.017500000074505806 -0.03999999910593033
		endloop
	endfacet
	facet normal 0 0 -1
		outer loop
			vertex 0.007000000216066837 0.017500000074505806 -0.03999999910593033
			vertex 0.007000000216066837 0.014000000432133675 -0.03999999910593033
			vertex 0.006000000052154064 0.014000000432133675 -0.03999999910593033
		endloop
	endfacet
	facet normal 0 0 -1
		outer loop
			vertex 0 0.017500000074505806 -0.03999999910593033
			vertex 0.006000000052154064 0.014000000432133675 -0.03999999910593033
			vertex 0.006000000052154064 -0.014000000432133675 -0.03999999910593033
		endloop
	endfacet
	facet normal 0 0 -1
		outer loop
			vertex 0 0.017500000074505806 -0.03999999910593033
			vertex 0.007000000216066837 0.017500000074505806 -0.03999999910593033
			vertex 0.006000000052154064 0.014000000432133675 -0.03999999910593033
		endloop
	endfacet
	facet normal 0 0 -1
		outer loop
			vertex 0 0.017500000074505806 -0.03999999910593033
			vertex 0.006000000052154064 -0.014000000432133675 -0.03999999910593033
			vertex 0 -0.017500000074505806 -0.03999999910593033
		endloop
	endfacet
	facet normal 0.11196059292844188 0 -0.9937126474142873
		outer loop
			vertex 0.007667562924325466 -0.017500000074505806 -0.03992478549480438
			vertex 0.007000000216066837 -0.017500000074505806 -0.03999999910593033
			vertex 0.007000000216066837 -0.014000000432133675 -0.03999999910593033
		endloop
	endfacet
	facet normal 0.11196059292844188 0 -0.9937126474142873
		outer loop
			vertex 0.007667562924325466 -0.017500000074505806 -0.03992478549480438
			vertex 0.007000000216066837 -0.014000000432133675 -0.03999999910593033
			vertex 0.007667562924325466 -0.014000000432133675 -0.03992478549480438
		endloop
	endfacet
	facet normal 0.3302807056342718 0 -0.9438827551585672
		outer loop
			vertex 0.00830165110528469 -0.017500000074505806 -0.03970290720462799
			vertex 0.007667562924325466 -0.014000000432133675 -0.03992478549480438
			vertex 0.00830165110528469 -0.014000000432133675 -0.03970290720462799
		endloop
	endfacet
	facet normal 0.3302807056342718 0 -0.9438827551585672
		outer loop
			vertex 0.00830165110528469 -0.017500000074505806 -0.03970290720462799
			vertex 0.007667562924325466 -0.017500000074505806 -0.03992478549480438
			vertex 0.007667562924325466 -0.014000000432133675 -0.03992478549480438
		endloop
	endfacet
	facet normal 0.5320316225996247 0 -0.8467244844422598
		outer loop
			vertex 0.008870469406247139 -0.017500000074505806 -0.03934549540281296
			vertex 0.00830165110528469 -0.014000000432133675 -0.03970290720462799
			vertex 0.008870469406247139 -0.014000000432133675 -0.03934549540281296
		endloop
	endfacet
	facet normal 0.5320316225996247 0 -0.8467244844422598
		outer loop
			vertex 0.008870469406247139 -0.017500000074505806 -0.03934549540281296
			vertex 0.00830165110528469 -0.017500000074505806 -0.03970290720462799
			vertex 0.00830165110528469 -0.014000000432133675 -0.03970290720462799
		endloop
	endfacet
	facet normal 0.7071081675195665 0 -0.7071053948508105
		outer loop
			vertex 0.009345494210720062 -0.017500000074505806 -0.038870468735694885
			vertex 0.008870469406247139 -0.014000000432133675 -0.03934549540281296
			vertex 0.009345494210720062 -0.014000000432133675 -0.038870468735694885
		endloop
	endfacet
	facet normal 0.7071081675195665 0 -0.7071053948508105
		outer loop
			vertex 0.009345494210720062 -0.017500000074505806 -0.038870468735694885
			vertex 0.008870469406247139 -0.017500000074505806 -0.03934549540281296
			vertex 0.008870469406247139 -0.014000000432133675 -0.03934549540281296
		endloop
	endfacet
	facet normal 0.846723859919403 0 -0.5320326165219452
		outer loop
			vertex 0.00970290694385767 -0.017500000074505806 -0.03830165043473244
			vertex 0.009345494210720062 -0.014000000432133675 -0.038870468735694885
			vertex 0.00970290694385767 -0.014000000432133675 -0.03830165043473244
		endloop
	endfacet
	facet normal 0.846723859919403 0 -0.5320326165219452
		outer loop
			vertex 0.00970290694385767 -0.017500000074505806 -0.03830165043473244
			vertex 0.009345494210720062 -0.017500000074505806 -0.038870468735694885
			vertex 0.009345494210720062 -0.014000000432133675 -0.038870468735694885
		endloop
	endfacet
	facet normal 0.9438837707528313 0 -0.3302778032345149
		outer loop
			vertex 0.009924783371388912 -0.017500000074505806 -0.03766756132245064
			vertex 0.00970290694385767 -0.014000000432133675 -0.03830165043473244
			vertex 0.009924783371388912 -0.014000000432133675 -0.03766756132245064
		endloop
	endfacet
	facet normal 0.9438837707528313 0 -0.3302778032345149
		outer loop
			vertex 0.009924783371388912 -0.017500000074505806 -0.03766756132245064
			vertex 0.00970290694385767 -0.017500000074505806 -0.03830165043473244
			vertex 0.00970290694385767 -0.014000000432133675 -0.03830165043473244
		endloop
	endfacet
	facet normal 0.9937121499296511 0 -0.11196500829362156
		outer loop
			vertex 0.009999999776482582 -0.017500000074505806 -0.03700000047683716
			vertex 0.009924783371388912 -0.014000000432133675 -0.03766756132245064
			vertex 0.009999999776482582 -0.014000000432133675 -0.03700000047683716
		endloop
	endfacet
	facet normal 0.9937121499296511 0 -0.11196500829362156
		outer loop
			vertex 0.009999999776482582 -0.017500000074505806 -0.03700000047683716
			vertex 0.009924783371388912 -0.017500000074505806 -0.03766756132245064
			vertex 0.009924783371388912 -0.014000000432133675 -0.03766756132245064
		endloop
	endfacet
	facet normal 1 0 0
		outer loop
			vertex 0.009999999776482582 -0.014000000432133675 -0.03700000047683716
			vertex 0.009999999776482582 -0.014000000432133675 -0.03500000014901161
			vertex 0.009999999776482582 -0.017500000074505806 -0.03500000014901161
		endloop
	endfacet
	facet normal 1 0 0
		outer loop
			vertex 0.009999999776482582 -0.014000000432133675 -0.03700000047683716
			vertex 0.009999999776482582 -0.017500000074505806 -0.03500000014901161
			vertex 0.009999999776482582 -0.017500000074505806 -0.03700000047683716
		endloop
	endfacet
	facet normal 1 0 0
		outer loop
			vertex 0.009999999776482582 0.017500000074505806 -0.03700000047683716
			vertex 0.009999999776482582 0.017500000074505806 -0.03500000014901161
			vertex 0.009999999776482582 0.014000000432133675 -0.03500000014901161
		endloop
	endfacet
	facet normal 1 0 0
		outer loop
			vertex 0.009999999776482582 0.017500000074505806 -0.03700000047683716
			vertex 0.009999999776482582 0.014000000432133675 -0.03500000014901161
			vertex 0.009999999776482582 0.014000000432133675 -0.03700000047683716
		endloop
	endfacet
	facet normal 0.999229030288024 0 -0.039259967265081755
		outer loop
			vertex 0.010077066719532013 0.017500000074505806 -0.03303852304816246
			vertex 0.010077066719532013 0.014000000432133675 -0.03303852304816246
			vertex 0.009999999776482582 0.014000000432133675 -0.03500000014901161
		endloop
	endfacet
	facet normal 0.999229030288024 0 -0.039259967265081755
		outer loop
			vertex 0.010077066719532013 0.017500000074505806 -0.03303852304816246
			vertex 0.009999999776482582 0.014000000432133675 -0.03500000014901161
			vertex 0.009999999776482582 0.017500000074505806 -0.03500000014901161
		endloop
	endfacet
	facet normal 0.9930684553660702 0 -0.11753741088201382
		outer loop
			vertex 0.010307791642844677 0.017500000074505806 -0.031089138239622116
			vertex 0.010307791642844677 0.014000000432133675 -0.031089138239622116
			vertex 0.010077066719532013 0.014000000432133675 -0.03303852304816246
		endloop
	endfacet
	facet normal 0.9930684553660702 0 -0.11753741088201382
		outer loop
			vertex 0.010307791642844677 0.017500000074505806 -0.031089138239622116
			vertex 0.010077066719532013 0.014000000432133675 -0.03303852304816246
			vertex 0.010077066719532013 0.017500000074505806 -0.03303852304816246
		endloop
	endfacet
	facet normal 0.9807852618673606 0 -0.19509041520221615
		outer loop
			vertex 0.010690752416849136 0.017500000074505806 -0.029163865372538567
			vertex 0.010690752416849136 0.014000000432133675 -0.029163865372538567
			vertex 0.010307791642844677 0.014000000432133675 -0.031089138239622116
		endloop
	endfacet
	facet normal 0.9807852618673606 0 -0.19509041520221615
		outer loop
			vertex 0.010690752416849136 0.017500000074505806 -0.029163865372538567
			vertex 0.010307791642844677 0.014000000432133675 -0.031089138239622116
			vertex 0.010307791642844677 0.017500000074505806 -0.031089138239622116
		endloop
	endfacet
	facet normal 0.9624552601411429 0 -0.27144036587553627
		outer loop
			vertex 0.011223587207496166 0.017500000074505806 -0.02727457508444786
			vertex 0.011223587207496166 0.014000000432133675 -0.02727457508444786
			vertex 0.010690752416849136 0.014000000432133675 -0.029163865372538567
		endloop
	endfacet
	facet normal 0.9624552601411429 0 -0.27144036587553627
		outer loop
			vertex 0.011223587207496166 0.017500000074505806 -0.02727457508444786
			vertex 0.010690752416849136 0.014000000432133675 -0.029163865372538567
			vertex 0.010690752416849136 0.017500000074505806 -0.029163865372538567
		endloop
	endfacet
	facet normal 0.9381914068776203 0 -0.34611686474511993
		outer loop
			vertex 0.011903011240065098 0.017500000074505806 -0.02543291449546814
			vertex 0.011903011240065098 0.014000000432133675 -0.02543291449546814
			vertex 0.011223587207496166 0.014000000432133675 -0.02727457508444786
		endloop
	endfacet
	facet normal 0.9381914068776203 0 -0.34611686474511993
		outer loop
			vertex 0.011903011240065098 0.017500000074505806 -0.02543291449546814
			vertex 0.011223587207496166 0.014000000432133675 -0.02727457508444786
			vertex 0.011223587207496166 0.017500000074505806 -0.02727457508444786
		endloop
	endfacet
	facet normal 0.9081429683065559 0 -0.4186601833412843
		outer loop
			vertex 0.01272483728826046 0.017500000074505806 -0.023650238290429115
			vertex 0.01272483728826046 0.014000000432133675 -0.023650238290429115
			vertex 0.011903011240065098 0.014000000432133675 -0.02543291449546814
		endloop
	endfacet
	facet normal 0.9081429683065559 0 -0.4186601833412843
		outer loop
			vertex 0.01272483728826046 0.017500000074505806 -0.023650238290429115
			vertex 0.011903011240065098 0.014000000432133675 -0.02543291449546814
			vertex 0.011903011240065098 0.017500000074505806 -0.02543291449546814
		endloop
	endfacet
	facet normal 0.8724961051066361 0 -0.4886210664448985
		outer loop
			vertex 0.01368399616330862 0.017500000074505806 -0.02193753607571125
			vertex 0.01368399616330862 0.014000000432133675 -0.02193753607571125
			vertex 0.01272483728826046 0.014000000432133675 -0.023650238290429115
		endloop
	endfacet
	facet normal 0.8724961051066361 0 -0.4886210664448985
		outer loop
			vertex 0.01368399616330862 0.017500000074505806 -0.02193753607571125
			vertex 0.01272483728826046 0.014000000432133675 -0.023650238290429115
			vertex 0.01272483728826046 0.017500000074505806 -0.023650238290429115
		endloop
	endfacet
	facet normal 0.8314697077695485 0 -0.5555700901431084
		outer loop
			vertex 0.014774574898183346 0.017500000074505806 -0.020305369049310684
			vertex 0.014774574898183346 0.014000000432133675 -0.020305369049310684
			vertex 0.01368399616330862 0.014000000432133675 -0.02193753607571125
		endloop
	endfacet
	facet normal 0.8314697077695485 0 -0.5555700901431084
		outer loop
			vertex 0.014774574898183346 0.017500000074505806 -0.020305369049310684
			vertex 0.01368399616330862 0.014000000432133675 -0.02193753607571125
			vertex 0.01368399616330862 0.017500000074505806 -0.02193753607571125
		endloop
	endfacet
	facet normal 0.7853167709541051 0 -0.6190941521757556
		outer loop
			vertex 0.01598985120654106 0.017500000074505806 -0.018763799220323563
			vertex 0.01598985120654106 0.014000000432133675 -0.018763799220323563
			vertex 0.014774574898183346 0.014000000432133675 -0.020305369049310684
		endloop
	endfacet
	facet normal 0.7853167709541051 0 -0.6190941521757556
		outer loop
			vertex 0.01598985120654106 0.017500000074505806 -0.018763799220323563
			vertex 0.014774574898183346 0.014000000432133675 -0.020305369049310684
			vertex 0.014774574898183346 0.017500000074505806 -0.020305369049310684
		endloop
	endfacet
	facet normal 0.7343230234944769 0 -0.6788001894268519
		outer loop
			vertex 0.017322329804301262 0.017500000074505806 -0.017322329804301262
			vertex 0.017322329804301262 0.014000000432133675 -0.017322329804301262
			vertex 0.01598985120654106 0.014000000432133675 -0.018763799220323563
		endloop
	endfacet
	facet normal 0.7343230234944769 0 -0.6788001894268519
		outer loop
			vertex 0.017322329804301262 0.017500000074505806 -0.017322329804301262
			vertex 0.01598985120654106 0.014000000432133675 -0.018763799220323563
			vertex 0.01598985120654106 0.017500000074505806 -0.018763799220323563
		endloop
	endfacet
	facet normal 0.6788001894268519 0 -0.7343230234944769
		outer loop
			vertex 0.018763799220323563 0.017500000074505806 -0.01598985120654106
			vertex 0.018763799220323563 0.014000000432133675 -0.01598985120654106
			vertex 0.017322329804301262 0.014000000432133675 -0.017322329804301262
		endloop
	endfacet
	facet normal 0.6788001894268519 0 -0.7343230234944769
		outer loop
			vertex 0.018763799220323563 0.017500000074505806 -0.01598985120654106
			vertex 0.017322329804301262 0.014000000432133675 -0.017322329804301262
			vertex 0.017322329804301262 0.017500000074505806 -0.017322329804301262
		endloop
	endfacet
	facet normal 0.6190941521757556 0 -0.7853167709541051
		outer loop
			vertex 0.020305369049310684 0.017500000074505806 -0.014774574898183346
			vertex 0.020305369049310684 0.014000000432133675 -0.014774574898183346
			vertex 0.018763799220323563 0.014000000432133675 -0.01598985120654106
		endloop
	endfacet
	facet normal 0.6190941521757556 0 -0.7853167709541051
		outer loop
			vertex 0.020305369049310684 0.017500000074505806 -0.014774574898183346
			vertex 0.018763799220323563 0.014000000432133675 -0.01598985120654106
			vertex 0.018763799220323563 0.017500000074505806 -0.01598985120654106
		endloop
	endfacet
	facet normal 0.5555700901431084 0 -0.8314697077695485
		outer loop
			vertex 0.02193753607571125 0.017500000074505806 -0.01368399616330862
			vertex 0.02193753607571125 0.014000000432133675 -0.01368399616330862
			vertex 0.020305369049310684 0.014000000432133675 -0.014774574898183346
		endloop
	endfacet
	facet normal 0.5555700901431084 0 -0.8314697077695485
		outer loop
			vertex 0.02193753607571125 0.017500000074505806 -0.01368399616330862
			vertex 0.020305369049310684 0.014000000432133675 -0.014774574898183346
			vertex 0.020305369049310684 0.017500000074505806 -0.014774574898183346
		endloop
	endfacet
	facet normal 0.4886210664448985 0 -0.8724961051066361
		outer loop
			vertex 0.023650238290429115 0.017500000074505806 -0.01272483728826046
			vertex 0.02193753607571125 0.014000000432133675 -0.01368399616330862
			vertex 0.02193753607571125 0.017500000074505806 -0.01368399616330862
		endloop
	endfacet
	facet normal 0.4886210664448985 0 -0.8724961051066361
		outer loop
			vertex 0.023650238290429115 0.017500000074505806 -0.01272483728826046
			vertex 0.023650238290429115 0.014000000432133675 -0.01272483728826046
			vertex 0.02193753607571125 0.014000000432133675 -0.01368399616330862
		endloop
	endfacet
	facet normal 0.4186601833412843 0 -0.9081429683065559
		outer loop
			vertex 0.02543291449546814 0.017500000074505806 -0.011903011240065098
			vertex 0.023650238290429115 0.014000000432133675 -0.01272483728826046
			vertex 0.023650238290429115 0.017500000074505806 -0.01272483728826046
		endloop
	endfacet
	facet normal 0.4186601833412843 0 -0.9081429683065559
		outer loop
			vertex 0.02543291449546814 0.017500000074505806 -0.011903011240065098
			vertex 0.02543291449546814 0.014000000432133675 -0.011903011240065098
			vertex 0.023650238290429115 0.014000000432133675 -0.01272483728826046
		endloop
	endfacet
	facet normal 0.34611686474511993 0 -0.9381914068776203
		outer loop
			vertex 0.02727457508444786 0.017500000074505806 -0.011223587207496166
			vertex 0.02543291449546814 0.014000000432133675 -0.011903011240065098
			vertex 0.02543291449546814 0.017500000074505806 -0.011903011240065098
		endloop
	endfacet
	facet normal 0.34611686474511993 0 -0.9381914068776203
		outer loop
			vertex 0.02727457508444786 0.017500000074505806 -0.011223587207496166
			vertex 0.02727457508444786 0.014000000432133675 -0.011223587207496166
			vertex 0.02543291449546814 0.014000000432133675 -0.011903011240065098
		endloop
	endfacet
	facet normal 0.27144036587553627 0 -0.9624552601411429
		outer loop
			vertex 0.029163865372538567 0.017500000074505806 -0.010690752416849136
			vertex 0.02727457508444786 0.014000000432133675 -0.011223587207496166
			vertex 0.02727457508444786 0.017500000074505806 -0.011223587207496166
		endloop
	endfacet
	facet normal 0.27144036587553627 0 -0.9624552601411429
		outer loop
			vertex 0.029163865372538567 0.017500000074505806 -0.010690752416849136
			vertex 0.029163865372538567 0.014000000432133675 -0.010690752416849136
			vertex 0.02727457508444786 0.014000000432133675 -0.011223587207496166
		endloop
	endfacet
	facet normal 0.19509041520221615 0 -0.9807852618673606
		outer loop
			vertex 0.031089138239622116 0.017500000074505806 -0.010307791642844677
			vertex 0.031089138239622116 0.014000000432133675 -0.010307791642844677
			vertex 0.029163865372538567 0.014000000432133675 -0.010690752416849136
		endloop
	endfacet
	facet normal 0.19509041520221615 0 -0.9807852618673606
		outer loop
			vertex 0.031089138239622116 0.017500000074505806 -0.010307791642844677
			vertex 0.029163865372538567 0.014000000432133675 -0.010690752416849136
			vertex 0.029163865372538567 0.017500000074505806 -0.010690752416849136
		endloop
	endfacet
	facet normal 0.11753741088201382 0 -0.9930684553660702
		outer loop
			vertex 0.03303852304816246 0.017500000074505806 -0.010077066719532013
			vertex 0.031089138239622116 0.014000000432133675 -0.010307791642844677
			vertex 0.031089138239622116 0.017500000074505806 -0.010307791642844677
		endloop
	endfacet
	facet normal 0.11753741088201382 0 -0.9930684553660702
		outer loop
			vertex 0.03303852304816246 0.017500000074505806 -0.010077066719532013
			vertex 0.03303852304816246 0.014000000432133675 -0.010077066719532013
			vertex 0.031089138239622116 0.014000000432133675 -0.010307791642844677
		endloop
	endfacet
	facet normal 0.039259967265081755 0 -0.999229030288024
		outer loop
			vertex 0.03500000014901161 0.017500000074505806 -0.009999999776482582
			vertex 0.03500000014901161 0.014000000432133675 -0.009999999776482582
			vertex 0.03303852304816246 0.014000000432133675 -0.010077066719532013
		endloop
	endfacet
	facet normal 0.039259967265081755 0 -0.999229030288024
		outer loop
			vertex 0.03500000014901161 0.017500000074505806 -0.009999999776482582
			vertex 0.03303852304816246 0.014000000432133675 -0.010077066719532013
			vertex 0.03303852304816246 0.017500000074505806 -0.010077066719532013
		endloop
	endfacet
	facet normal 0.999229030288024 0 -0.039259967265081755
		outer loop
			vertex 0.010077066719532013 -0.014000000432133675 -0.03303852304816246
			vertex 0.009999999776482582 -0.017500000074505806 -0.03500000014901161
			vertex 0.009999999776482582 -0.014000000432133675 -0.03500000014901161
		endloop
	endfacet
	facet normal 0.999229030288024 0 -0.039259967265081755
		outer loop
			vertex 0.010077066719532013 -0.014000000432133675 -0.03303852304816246
			vertex 0.010077066719532013 -0.017500000074505806 -0.03303852304816246
			vertex 0.009999999776482582 -0.017500000074505806 -0.03500000014901161
		endloop
	endfacet
	facet normal 0.9930684553660702 0 -0.11753741088201382
		outer loop
			vertex 0.010307791642844677 -0.014000000432133675 -0.031089138239622116
			vertex 0.010307791642844677 -0.017500000074505806 -0.031089138239622116
			vertex 0.010077066719532013 -0.017500000074505806 -0.03303852304816246
		endloop
	endfacet
	facet normal 0.9930684553660702 0 -0.11753741088201382
		outer loop
			vertex 0.010307791642844677 -0.014000000432133675 -0.031089138239622116
			vertex 0.010077066719532013 -0.017500000074505806 -0.03303852304816246
			vertex 0.010077066719532013 -0.014000000432133675 -0.03303852304816246
		endloop
	endfacet
	facet normal 0.9807852618673606 0 -0.19509041520221615
		outer loop
			vertex 0.010690752416849136 -0.014000000432133675 -0.029163865372538567
			vertex 0.010690752416849136 -0.017500000074505806 -0.029163865372538567
			vertex 0.010307791642844677 -0.017500000074505806 -0.031089138239622116
		endloop
	endfacet
	facet normal 0.9807852618673606 0 -0.19509041520221615
		outer loop
			vertex 0.010690752416849136 -0.014000000432133675 -0.029163865372538567
			vertex 0.010307791642844677 -0.017500000074505806 -0.031089138239622116
			vertex 0.010307791642844677 -0.014000000432133675 -0.031089138239622116
		endloop
	endfacet
	facet normal 0.9624552601411429 0 -0.27144036587553627
		outer loop
			vertex 0.011223587207496166 -0.014000000432133675 -0.02727457508444786
			vertex 0.011223587207496166 -0.017500000074505806 -0.02727457508444786
			vertex 0.010690752416849136 -0.017500000074505806 -0.029163865372538567
		endloop
	endfacet
	facet normal 0.9624552601411429 0 -0.27144036587553627
		outer loop
			vertex 0.011223587207496166 -0.014000000432133675 -0.02727457508444786
			vertex 0.010690752416849136 -0.017500000074505806 -0.029163865372538567
			vertex 0.010690752416849136 -0.014000000432133675 -0.029163865372538567
		endloop
	endfacet
	facet normal 0.9381914068776203 0 -0.34611686474511993
		outer loop
			vertex 0.011903011240065098 -0.014000000432133675 -0.02543291449546814
			vertex 0.011903011240065098 -0.017500000074505806 -0.02543291449546814
			vertex 0.011223587207496166 -0.017500000074505806 -0.02727457508444786
		endloop
	endfacet
	facet normal 0.9381914068776203 0 -0.34611686474511993
		outer loop
			vertex 0.011903011240065098 -0.014000000432133675 -0.02543291449546814
			vertex 0.011223587207496166 -0.017500000074505806 -0.02727457508444786
			vertex 0.011223587207496166 -0.014000000432133675 -0.02727457508444786
		endloop
	endfacet
	facet normal 0.9081429683065559 0 -0.4186601833412843
		outer loop
			vertex 0.01272483728826046 -0.014000000432133675 -0.023650238290429115
			vertex 0.01272483728826046 -0.017500000074505806 -0.023650238290429115
			vertex 0.011903011240065098 -0.017500000074505806 -0.02543291449546814
		endloop
	endfacet
	facet normal 0.9081429683065559 0 -0.4186601833412843
		outer loop
			vertex 0.01272483728826046 -0.014000000432133675 -0.023650238290429115
			vertex 0.011903011240065098 -0.017500000074505806 -0.02543291449546814
			vertex 0.011903011240065098 -0.014000000432133675 -0.02543291449546814
		endloop
	endfacet
	facet normal 0.8724961051066361 0 -0.4886210664448985
		outer loop
			vertex 0.01368399616330862 -0.014000000432133675 -0.02193753607571125
			vertex 0.01368399616330862 -0.017500000074505806 -0.02193753607571125
			vertex 0.01272483728826046 -0.017500000074505806 -0.023650238290429115
		endloop
	endfacet
	facet normal 0.8724961051066361 0 -0.4886210664448985
		outer loop
			vertex 0.01368399616330862 -0.014000000432133675 -0.02193753607571125
			vertex 0.01272483728826046 -0.017500000074505806 -0.023650238290429115
			vertex 0.01272483728826046 -0.014000000432133675 -0.023650238290429115
		endloop
	endfacet
	facet normal 0.8314697077695485 0 -0.5555700901431084
		outer loop
			vertex 0.014774574898183346 -0.014000000432133675 -0.020305369049310684
			vertex 0.014774574898183346 -0.017500000074505806 -0.020305369049310684
			vertex 0.01368399616330862 -0.017500000074505806 -0.02193753607571125
		endloop
	endfacet
	facet normal 0.8314697077695485 0 -0.5555700901431084
		outer loop
			vertex 0.014774574898183346 -0.014000000432133675 -0.020305369049310684
			vertex 0.01368399616330862 -0.017500000074505806 -0.02193753607571125
			vertex 0.01368399616330862 -0.014000000432133675 -0.02193753607571125
		endloop
	endfacet
	facet normal 0.7853167709541051 0 -0.6190941521757556
		outer loop
			vertex 0.01598985120654106 -0.014000000432133675 -0.018763799220323563
			vertex 0.01598985120654106 -0.017500000074505806 -0.018763799220323563
			vertex 0.014774574898183346 -0.017500000074505806 -0.020305369049310684
		endloop
	endfacet
	facet normal 0.7853167709541051 0 -0.6190941521757556
		outer loop
			vertex 0.01598985120654106 -0.014000000432133675 -0.018763799220323563
			vertex 0.014774574898183346 -0.017500000074505806 -0.020305369049310684
			vertex 0.014774574898183346 -0.014000000432133675 -0.020305369049310684
		endloop
	endfacet
	facet normal 0.7343230234944769 0 -0.6788001894268519
		outer loop
			vertex 0.017322329804301262 -0.014000000432133675 -0.017322329804301262
			vertex 0.017322329804301262 -0.017500000074505806 -0.017322329804301262
			vertex 0.01598985120654106 -0.017500000074505806 -0.018763799220323563
		endloop
	endfacet
	facet normal 0.7343230234944769 0 -0.6788001894268519
		outer loop
			vertex 0.017322329804301262 -0.014000000432133675 -0.017322329804301262
			vertex 0.01598985120654106 -0.017500000074505806 -0.018763799220323563
			vertex 0.01598985120654106 -0.014000000432133675 -0.018763799220323563
		endloop
	endfacet
	facet normal 0.6788001894268519 0 -0.7343230234944769
		outer loop
			vertex 0.018763799220323563 -0.014000000432133675 -0.01598985120654106
			vertex 0.018763799220323563 -0.017500000074505806 -0.01598985120654106
			vertex 0.017322329804301262 -0.017500000074505806 -0.017322329804301262
		endloop
	endfacet
	facet normal 0.6788001894268519 0 -0.7343230234944769
		outer loop
			vertex 0.018763799220323563 -0.014000000432133675 -0.01598985120654106
			vertex 0.017322329804301262 -0.017500000074505806 -0.017322329804301262
			vertex 0.017322329804301262 -0.014000000432133675 -0.017322329804301262
		endloop
	endfacet
	facet normal 0.6190941521757556 0 -0.7853167709541051
		outer loop
			vertex 0.020305369049310684 -0.014000000432133675 -0.014774574898183346
			vertex 0.020305369049310684 -0.017500000074505806 -0.014774574898183346
			vertex 0.018763799220323563 -0.017500000074505806 -0.01598985120654106
		endloop
	endfacet
	facet normal 0.6190941521757556 0 -0.7853167709541051
		outer loop
			vertex 0.020305369049310684 -0.014000000432133675 -0.014774574898183346
			vertex 0.018763799220323563 -0.017500000074505806 -0.01598985120654106
			vertex 0.018763799220323563 -0.014000000432133675 -0.01598985120654106
		endloop
	endfacet
	facet normal 0.5555700901431084 0 -0.8314697077695485
		outer loop
			vertex 0.02193753607571125 -0.014000000432133675 -0.01368399616330862
			vertex 0.02193753607571125 -0.017500000074505806 -0.01368399616330862
			vertex 0.020305369049310684 -0.017500000074505806 -0.014774574898183346
		endloop
	endfacet
	facet normal 0.5555700901431084 0 -0.8314697077695485
		outer loop
			vertex 0.02193753607571125 -0.014000000432133675 -0.01368399616330862
			vertex 0.020305369049310684 -0.017500000074505806 -0.014774574898183346
			vertex 0.020305369049310684 -0.014000000432133675 -0.014774574898183346
		endloop
	endfacet
	facet normal 0.4886210664448985 0 -0.8724961051066361
		outer loop
			vertex 0.023650238290429115 -0.014000000432133675 -0.01272483728826046
			vertex 0.02193753607571125 -0.017500000074505806 -0.01368399616330862
			vertex 0.02193753607571125 -0.014000000432133675 -0.01368399616330862
		endloop
	endfacet
	facet normal 0.4886210664448985 0 -0.8724961051066361
		outer loop
			vertex 0.023650238290429115 -0.014000000432133675 -0.01272483728826046
			vertex 0.023650238290429115 -0.017500000074505806 -0.01272483728826046
			vertex 0.02193753607571125 -0.017500000074505806 -0.01368399616330862
		endloop
	endfacet
	facet normal 0.4186601833412843 0 -0.9081429683065559
		outer loop
			vertex 0.02543291449546814 -0.014000000432133675 -0.011903011240065098
			vertex 0.023650238290429115 -0.017500000074505806 -0.01272483728826046
			vertex 0.023650238290429115 -0.014000000432133675 -0.01272483728826046
		endloop
	endfacet
	facet normal 0.4186601833412843 0 -0.9081429683065559
		outer loop
			vertex 0.02543291449546814 -0.014000000432133675 -0.011903011240065098
			vertex 0.02543291449546814 -0.017500000074505806 -0.011903011240065098
			vertex 0.023650238290429115 -0.017500000074505806 -0.01272483728826046
		endloop
	endfacet
	facet normal 0.34611686474511993 0 -0.9381914068776203
		outer loop
			vertex 0.02727457508444786 -0.014000000432133675 -0.011223587207496166
			vertex 0.02543291449546814 -0.017500000074505806 -0.011903011240065098
			vertex 0.02543291449546814 -0.014000000432133675 -0.011903011240065098
		endloop
	endfacet
	facet normal 0.34611686474511993 0 -0.9381914068776203
		outer loop
			vertex 0.02727457508444786 -0.014000000432133675 -0.011223587207496166
			vertex 0.02727457508444786 -0.017500000074505806 -0.011223587207496166
			vertex 0.02543291449546814 -0.017500000074505806 -0.011903011240065098
		endloop
	endfacet
	facet normal 0.27144036587553627 0 -0.9624552601411429
		outer loop
			vertex 0.029163865372538567 -0.014000000432133675 -0.010690752416849136
			vertex 0.02727457508444786 -0.017500000074505806 -0.011223587207496166
			vertex 0.02727457508444786 -0.014000000432133675 -0.011223587207496166
		endloop
	endfacet
	facet normal 0.27144036587553627 0 -0.9624552601411429
		outer loop
			vertex 0.029163865372538567 -0.014000000432133675 -0.010690752416849136
			vertex 0.029163865372538567 -0.017500000074505806 -0.010690752416849136
			vertex 0.02727457508444786 -0.017500000074505806 -0.011223587207496166
		endloop
	endfacet
	facet normal 0.19509041520221615 0 -0.9807852618673606
		outer loop
			vertex 0.031089138239622116 -0.014000000432133675 -0.010307791642844677
			vertex 0.029163865372538567 -0.017500000074505806 -0.010690752416849136
			vertex 0.029163865372538567 -0.014000000432133675 -0.010690752416849136
		endloop
	endfacet
	facet normal 0.19509041520221615 0 -0.9807852618673606
		outer loop
			vertex 0.031089138239622116 -0.014000000432133675 -0.010307791642844677
			vertex 0.031089138239622116 -0.017500000074505806 -0.010307791642844677
			vertex 0.029163865372538567 -0.017500000074505806 -0.010690752416849136
		endloop
	endfacet
	facet normal 0.11753741088201382 0 -0.9930684553660702
		outer loop
			vertex 0.03303852304816246 -0.014000000432133675 -0.010077066719532013
			vertex 0.031089138239622116 -0.017500000074505806 -0.010307791642844677
			vertex 0.031089138239622116 -0.014000000432133675 -0.010307791642844677
		endloop
	endfacet
	facet normal 0.11753741088201382 0 -0.9930684553660702
		outer loop
			vertex 0.03303852304816246 -0.014000000432133675 -0.010077066719532013
			vertex 0.03303852304816246 -0.017500000074505806 -0.010077066719532013
			vertex 0.031089138239622116 -0.017500000074505806 -0.010307791642844677
		endloop
	endfacet
	facet normal 0.039259967265081755 0 -0.999229030288024
		outer loop
			vertex 0.03500000014901161 -0.014000000432133675 -0.009999999776482582
			vertex 0.03303852304816246 -0.017500000074505806 -0.010077066719532013
			vertex 0.03303852304816246 -0.014000000432133675 -0.010077066719532013
		endloop
	endfacet
	facet normal 0.039259967265081755 0 -0.999229030288024
		outer loop
			vertex 0.03500000014901161 -0.014000000432133675 -0.009999999776482582
			vertex 0.03500000014901161 -0.017500000074505806 -0.009999999776482582
			vertex 0.03303852304816246 -0.017500000074505806 -0.010077066719532013
		endloop
	endfacet
	facet normal 0 -1 0
		outer loop
			vertex 0.01598985120654106 0.014000000432133675 -0.018763799220323563
			vertex 0.017322329804301262 0.014000000432133675 -0.017322329804301262
			vertex 0.006000000052154064 0.014000000432133675 -0.006000000052154064
		endloop
	endfacet
	facet normal 0 -1 0
		outer loop
			vertex 0.018763799220323563 0.014000000432133675 -0.01598985120654106
			vertex 0.006000000052154064 0.014000000432133675 -0.006000000052154064
			vertex 0.017322329804301262 0.014000000432133675 -0.017322329804301262
		endloop
	endfacet
	facet normal 0 -1 0
		outer loop
			vertex 0.020305369049310684 0.014000000432133675 -0.014774574898183346
			vertex 0.006000000052154064 0.014000000432133675 -0.006000000052154064
			vertex 0.018763799220323563 0.014000000432133675 -0.01598985120654106
		endloop
	endfacet
	facet normal 0 -1 0
		outer loop
			vertex 0.014774574898183346 0.014000000432133675 -0.020305369049310684
			vertex 0.01598985120654106 0.014000000432133675 -0.018763799220323563
			vertex 0.006000000052154064 0.014000000432133675 -0.006000000052154064
		endloop
	endfacet
	facet normal 0 -1 0
		outer loop
			vertex 0.01368399616330862 0.014000000432133675 -0.02193753607571125
			vertex 0.014774574898183346 0.014000000432133675 -0.020305369049310684
			vertex 0.006000000052154064 0.014000000432133675 -0.006000000052154064
		endloop
	endfacet
	facet normal 0 -1 0
		outer loop
			vertex 0.02193753607571125 0.014000000432133675 -0.01368399616330862
			vertex 0.006000000052154064 0.014000000432133675 -0.006000000052154064
			vertex 0.020305369049310684 0.014000000432133675 -0.014774574898183346
		endloop
	endfacet
	facet normal 0 -1 0
		outer loop
			vertex 0.01272483728826046 0.014000000432133675 -0.023650238290429115
			vertex 0.01368399616330862 0.014000000432133675 -0.02193753607571125
			vertex 0.006000000052154064 0.014000000432133675 -0.006000000052154064
		endloop
	endfacet
	facet normal 0 -1 0
		outer loop
			vertex 0.023650238290429115 0.014000000432133675 -0.01272483728826046
			vertex 0.006000000052154064 0.014000000432133675 -0.006000000052154064
			vertex 0.02193753607571125 0.014000000432133675 -0.01368399616330862
		endloop
	endfacet
	facet normal 0 -1 0
		outer loop
			vertex 0.02543291449546814 0.014000000432133675 -0.011903011240065098
			vertex 0.006000000052154064 0.014000000432133675 -0.006000000052154064
			vertex 0.023650238290429115 0.014000000432133675 -0.01272483728826046
		endloop
	endfacet
	facet normal 0 -1 0
		outer loop
			vertex 0.011903011240065098 0.014000000432133675 -0.02543291449546814
			vertex 0.01272483728826046 0.014000000432133675 -0.023650238290429115
			vertex 0.006000000052154064 0.014000000432133675 -0.006000000052154064
		endloop
	endfacet
	facet normal 0 -1 0
		outer loop
			vertex 0.02727457508444786 0.014000000432133675 -0.011223587207496166
			vertex 0.006000000052154064 0.014000000432133675 -0.006000000052154064
			vertex 0.02543291449546814 0.014000000432133675 -0.011903011240065098
		endloop
	endfacet
	facet normal 0 -1 0
		outer loop
			vertex 0.011223587207496166 0.014000000432133675 -0.02727457508444786
			vertex 0.011903011240065098 0.014000000432133675 -0.02543291449546814
			vertex 0.006000000052154064 0.014000000432133675 -0.006000000052154064
		endloop
	endfacet
	facet normal 0 -1 0
		outer loop
			vertex 0.029163865372538567 0.014000000432133675 -0.010690752416849136
			vertex 0.006000000052154064 0.014000000432133675 -0.006000000052154064
			vertex 0.02727457508444786 0.014000000432133675 -0.011223587207496166
		endloop
	endfacet
	facet normal 0 -1 0
		outer loop
			vertex 0.010690752416849136 0.014000000432133675 -0.029163865372538567
			vertex 0.011223587207496166 0.014000000432133675 -0.02727457508444786
			vertex 0.006000000052154064 0.014000000432133675 -0.006000000052154064
		endloop
	endfacet
	facet normal 0 -1 0
		outer loop
			vertex 0.006000000052154064 0.014000000432133675 -0.03999999910593033
			vertex 0.009999999776482582 0.014000000432133675 -0.03500000014901161
			vertex 0.010077066719532013 0.014000000432133675 -0.03303852304816246
		endloop
	endfacet
	facet normal 0 -1 0
		outer loop
			vertex 0.006000000052154064 0.014000000432133675 -0.03999999910593033
			vertex 0.010077066719532013 0.014000000432133675 -0.03303852304816246
			vertex 0.010307791642844677 0.014000000432133675 -0.031089138239622116
		endloop
	endfacet
	facet normal 0 -1 0
		outer loop
			vertex 0.006000000052154064 0.014000000432133675 -0.03999999910593033
			vertex 0.010307791642844677 0.014000000432133675 -0.031089138239622116
			vertex 0.010690752416849136 0.014000000432133675 -0.029163865372538567
		endloop
	endfacet
	facet normal 0 -1 0
		outer loop
			vertex 0.006000000052154064 0.014000000432133675 -0.03999999910593033
			vertex 0.010690752416849136 0.014000000432133675 -0.029163865372538567
			vertex 0.006000000052154064 0.014000000432133675 -0.006000000052154064
		endloop
	endfacet
	facet normal 0 -1 0
		outer loop
			vertex 0.03999999910593033 0.014000000432133675 -0.006000000052154064
			vertex 0.029163865372538567 0.014000000432133675 -0.010690752416849136
			vertex 0.031089138239622116 0.014000000432133675 -0.010307791642844677
		endloop
	endfacet
	facet normal 0 -1 0
		outer loop
			vertex 0.03999999910593033 0.014000000432133675 -0.006000000052154064
			vertex 0.031089138239622116 0.014000000432133675 -0.010307791642844677
			vertex 0.03303852304816246 0.014000000432133675 -0.010077066719532013
		endloop
	endfacet
	facet normal 0 -1 0
		outer loop
			vertex 0.03999999910593033 0.014000000432133675 -0.006000000052154064
			vertex 0.03303852304816246 0.014000000432133675 -0.010077066719532013
			vertex 0.03500000014901161 0.014000000432133675 -0.009999999776482582
		endloop
	endfacet
	facet normal 0 -1 0
		outer loop
			vertex 0.03999999910593033 0.014000000432133675 -0.006000000052154064
			vertex 0.006000000052154064 0.014000000432133675 -0.006000000052154064
			vertex 0.029163865372538567 0.014000000432133675 -0.010690752416849136
		endloop
	endfacet
	facet normal 0 -1 0
		outer loop
			vertex 0.03700000047683716 0.014000000432133675 -0.009999999776482582
			vertex 0.03999999910593033 0.014000000432133675 -0.006000000052154064
			vertex 0.03500000014901161 0.014000000432133675 -0.009999999776482582
		endloop
	endfacet
	facet normal 0 -1 0
		outer loop
			vertex 0.009999999776482582 0.014000000432133675 -0.03700000047683716
			vertex 0.009999999776482582 0.014000000432133675 -0.03500000014901161
			vertex 0.006000000052154064 0.014000000432133675 -0.03999999910593033
		endloop
	endfacet
	facet normal 0 -1 0
		outer loop
			vertex 0.03999999910593033 0.014000000432133675 -0.007000000216066837
			vertex 0.03999999910593033 0.014000000432133675 -0.006000000052154064
			vertex 0.03700000047683716 0.014000000432133675 -0.009999999776482582
		endloop
	endfacet
	facet normal 0 -1 0
		outer loop
			vertex 0.007000000216066837 0.014000000432133675 -0.03999999910593033
			vertex 0.009999999776482582 0.014000000432133675 -0.03700000047683716
			vertex 0.006000000052154064 0.014000000432133675 -0.03999999910593033
		endloop
	endfacet
	facet normal 0 -1 0
		outer loop
			vertex 0.03934549540281296 0.014000000432133675 -0.008870469406247139
			vertex 0.03700000047683716 0.014000000432133675 -0.009999999776482582
			vertex 0.03766756132245064 0.014000000432133675 -0.009924783371388912
		endloop
	endfacet
	facet normal 0 -1 0
		outer loop
			vertex 0.03934549540281296 0.014000000432133675 -0.008870469406247139
			vertex 0.03766756132245064 0.014000000432133675 -0.009924783371388912
			vertex 0.03830165043473244 0.014000000432133675 -0.00970290694385767
		endloop
	endfacet
	facet normal 0 -1 0
		outer loop
			vertex 0.03934549540281296 0.014000000432133675 -0.008870469406247139
			vertex 0.03830165043473244 0.014000000432133675 -0.00970290694385767
			vertex 0.038870468735694885 0.014000000432133675 -0.009345494210720062
		endloop
	endfacet
	facet normal 0 -1 0
		outer loop
			vertex 0.03934549540281296 0.014000000432133675 -0.008870469406247139
			vertex 0.03970290720462799 0.014000000432133675 -0.00830165110528469
			vertex 0.03992478549480438 0.014000000432133675 -0.007667562924325466
		endloop
	endfacet
	facet normal 0 -1 0
		outer loop
			vertex 0.03934549540281296 0.014000000432133675 -0.008870469406247139
			vertex 0.03992478549480438 0.014000000432133675 -0.007667562924325466
			vertex 0.03999999910593033 0.014000000432133675 -0.007000000216066837
		endloop
	endfacet
	facet normal 0 -1 0
		outer loop
			vertex 0.03934549540281296 0.014000000432133675 -0.008870469406247139
			vertex 0.03999999910593033 0.014000000432133675 -0.007000000216066837
			vertex 0.03700000047683716 0.014000000432133675 -0.009999999776482582
		endloop
	endfacet
	facet normal 0 -1 0
		outer loop
			vertex 0.009345494210720062 0.014000000432133675 -0.038870468735694885
			vertex 0.009999999776482582 0.014000000432133675 -0.03700000047683716
			vertex 0.007000000216066837 0.014000000432133675 -0.03999999910593033
		endloop
	endfacet
	facet normal 0 -1 0
		outer loop
			vertex 0.009345494210720062 0.014000000432133675 -0.038870468735694885
			vertex 0.007000000216066837 0.014000000432133675 -0.03999999910593033
			vertex 0.007667562924325466 0.014000000432133675 -0.03992478549480438
		endloop
	endfacet
	facet normal 0 -1 0
		outer loop
			vertex 0.009345494210720062 0.014000000432133675 -0.038870468735694885
			vertex 0.007667562924325466 0.014000000432133675 -0.03992478549480438
			vertex 0.00830165110528469 0.014000000432133675 -0.03970290720462799
		endloop
	endfacet
	facet normal 0 -1 0
		outer loop
			vertex 0.009345494210720062 0.014000000432133675 -0.038870468735694885
			vertex 0.00830165110528469 0.014000000432133675 -0.03970290720462799
			vertex 0.008870469406247139 0.014000000432133675 -0.03934549540281296
		endloop
	endfacet
	facet normal 0 -1 0
		outer loop
			vertex 0.009345494210720062 0.014000000432133675 -0.038870468735694885
			vertex 0.00970290694385767 0.014000000432133675 -0.03830165043473244
			vertex 0.009924783371388912 0.014000000432133675 -0.03766756132245064
		endloop
	endfacet
	facet normal 0 -1 0
		outer loop
			vertex 0.009345494210720062 0.014000000432133675 -0.038870468735694885
			vertex 0.009924783371388912 0.014000000432133675 -0.03766756132245064
			vertex 0.009999999776482582 0.014000000432133675 -0.03700000047683716
		endloop
	endfacet
	facet normal 0.11196500829362156 0 -0.9937121499296511
		outer loop
			vertex 0.03766756132245064 0.014000000432133675 -0.009924783371388912
			vertex 0.03700000047683716 0.014000000432133675 -0.009999999776482582
			vertex 0.03700000047683716 0.017500000074505806 -0.009999999776482582
		endloop
	endfacet
	facet normal 0.11196500829362156 0 -0.9937121499296511
		outer loop
			vertex 0.03766756132245064 0.014000000432133675 -0.009924783371388912
			vertex 0.03700000047683716 0.017500000074505806 -0.009999999776482582
			vertex 0.03766756132245064 0.017500000074505806 -0.009924783371388912
		endloop
	endfacet
	facet normal 0.3302778032345149 0 -0.9438837707528313
		outer loop
			vertex 0.03830165043473244 0.014000000432133675 -0.00970290694385767
			vertex 0.03766756132245064 0.017500000074505806 -0.009924783371388912
			vertex 0.03830165043473244 0.017500000074505806 -0.00970290694385767
		endloop
	endfacet
	facet normal 0.3302778032345149 0 -0.9438837707528313
		outer loop
			vertex 0.03830165043473244 0.014000000432133675 -0.00970290694385767
			vertex 0.03766756132245064 0.014000000432133675 -0.009924783371388912
			vertex 0.03766756132245064 0.017500000074505806 -0.009924783371388912
		endloop
	endfacet
	facet normal 0.5320326165219452 0 -0.846723859919403
		outer loop
			vertex 0.038870468735694885 0.014000000432133675 -0.009345494210720062
			vertex 0.03830165043473244 0.017500000074505806 -0.00970290694385767
			vertex 0.038870468735694885 0.017500000074505806 -0.009345494210720062
		endloop
	endfacet
	facet normal 0.5320326165219452 0 -0.846723859919403
		outer loop
			vertex 0.038870468735694885 0.014000000432133675 -0.009345494210720062
			vertex 0.03830165043473244 0.014000000432133675 -0.00970290694385767
			vertex 0.03830165043473244 0.017500000074505806 -0.00970290694385767
		endloop
	endfacet
	facet normal 0.7071053948508105 0 -0.7071081675195665
		outer loop
			vertex 0.03934549540281296 0.014000000432133675 -0.008870469406247139
			vertex 0.038870468735694885 0.017500000074505806 -0.009345494210720062
			vertex 0.03934549540281296 0.017500000074505806 -0.008870469406247139
		endloop
	endfacet
	facet normal 0.7071053948508105 0 -0.7071081675195665
		outer loop
			vertex 0.03934549540281296 0.014000000432133675 -0.008870469406247139
			vertex 0.038870468735694885 0.014000000432133675 -0.009345494210720062
			vertex 0.038870468735694885 0.017500000074505806 -0.009345494210720062
		endloop
	endfacet
	facet normal 0.8467244844422598 0 -0.5320316225996247
		outer loop
			vertex 0.03970290720462799 0.014000000432133675 -0.00830165110528469
			vertex 0.03934549540281296 0.017500000074505806 -0.008870469406247139
			vertex 0.03970290720462799 0.017500000074505806 -0.00830165110528469
		endloop
	endfacet
	facet normal 0.8467244844422598 0 -0.5320316225996247
		outer loop
			vertex 0.03970290720462799 0.014000000432133675 -0.00830165110528469
			vertex 0.03934549540281296 0.014000000432133675 -0.008870469406247139
			vertex 0.03934549540281296 0.017500000074505806 -0.008870469406247139
		endloop
	endfacet
	facet normal 0.9438827551585672 0 -0.3302807056342718
		outer loop
			vertex 0.03992478549480438 0.014000000432133675 -0.007667562924325466
			vertex 0.03970290720462799 0.017500000074505806 -0.00830165110528469
			vertex 0.03992478549480438 0.017500000074505806 -0.007667562924325466
		endloop
	endfacet
	facet normal 0.9438827551585672 0 -0.3302807056342718
		outer loop
			vertex 0.03992478549480438 0.014000000432133675 -0.007667562924325466
			vertex 0.03970290720462799 0.014000000432133675 -0.00830165110528469
			vertex 0.03970290720462799 0.017500000074505806 -0.00830165110528469
		endloop
	endfacet
	facet normal 0.9937126474142873 0 -0.11196059292844188
		outer loop
			vertex 0.03999999910593033 0.014000000432133675 -0.007000000216066837
			vertex 0.03992478549480438 0.017500000074505806 -0.007667562924325466
			vertex 0.03999999910593033 0.017500000074505806 -0.007000000216066837
		endloop
	endfacet
	facet normal 0.9937126474142873 0 -0.11196059292844188
		outer loop
			vertex 0.03999999910593033 0.014000000432133675 -0.007000000216066837
			vertex 0.03992478549480438 0.014000000432133675 -0.007667562924325466
			vertex 0.03992478549480438 0.017500000074505806 -0.007667562924325466
		endloop
	endfacet
	facet normal 0 1 0
		outer loop
			vertex 0.01598985120654106 0.017500000074505806 -0.018763799220323563
			vertex 0 0.017500000074505806 0
			vertex 0.017322329804301262 0.017500000074505806 -0.017322329804301262
		endloop
	endfacet
	facet normal 0 1 0
		outer loop
			vertex 0.018763799220323563 0.017500000074505806 -0.01598985120654106
			vertex 0.017322329804301262 0.017500000074505806 -0.017322329804301262
			vertex 0 0.017500000074505806 0
		endloop
	endfacet
	facet normal 0 1 0
		outer loop
			vertex 0.020305369049310684 0.017500000074505806 -0.014774574898183346
			vertex 0.018763799220323563 0.017500000074505806 -0.01598985120654106
			vertex 0 0.017500000074505806 0
		endloop
	endfacet
	facet normal 0 1 0
		outer loop
			vertex 0.014774574898183346 0.017500000074505806 -0.020305369049310684
			vertex 0 0.017500000074505806 0
			vertex 0.01598985120654106 0.017500000074505806 -0.018763799220323563
		endloop
	endfacet
	facet normal 0 1 0
		outer loop
			vertex 0.01368399616330862 0.017500000074505806 -0.02193753607571125
			vertex 0 0.017500000074505806 0
			vertex 0.014774574898183346 0.017500000074505806 -0.020305369049310684
		endloop
	endfacet
	facet normal 0 1 0
		outer loop
			vertex 0.02193753607571125 0.017500000074505806 -0.01368399616330862
			vertex 0.020305369049310684 0.017500000074505806 -0.014774574898183346
			vertex 0 0.017500000074505806 0
		endloop
	endfacet
	facet normal 0 1 0
		outer loop
			vertex 0.01272483728826046 0.017500000074505806 -0.023650238290429115
			vertex 0 0.017500000074505806 0
			vertex 0.01368399616330862 0.017500000074505806 -0.02193753607571125
		endloop
	endfacet
	facet normal 0 1 0
		outer loop
			vertex 0.023650238290429115 0.017500000074505806 -0.01272483728826046
			vertex 0.02193753607571125 0.017500000074505806 -0.01368399616330862
			vertex 0 0.017500000074505806 0
		endloop
	endfacet
	facet normal 0 1 0
		outer loop
			vertex 0.011903011240065098 0.017500000074505806 -0.02543291449546814
			vertex 0 0.017500000074505806 0
			vertex 0.01272483728826046 0.017500000074505806 -0.023650238290429115
		endloop
	endfacet
	facet normal 0 1 0
		outer loop
			vertex 0.02543291449546814 0.017500000074505806 -0.011903011240065098
			vertex 0.023650238290429115 0.017500000074505806 -0.01272483728826046
			vertex 0 0.017500000074505806 0
		endloop
	endfacet
	facet normal 0 1 0
		outer loop
			vertex 0.011223587207496166 0.017500000074505806 -0.02727457508444786
			vertex 0 0.017500000074505806 0
			vertex 0.011903011240065098 0.017500000074505806 -0.02543291449546814
		endloop
	endfacet
	facet normal 0 1 0
		outer loop
			vertex 0.02727457508444786 0.017500000074505806 -0.011223587207496166
			vertex 0.02543291449546814 0.017500000074505806 -0.011903011240065098
			vertex 0 0.017500000074505806 0
		endloop
	endfacet
	facet normal 0 1 0
		outer loop
			vertex 0.03999999910593033 0.017500000074505806 0
			vertex 0.029163865372538567 0.017500000074505806 -0.010690752416849136
			vertex 0.02727457508444786 0.017500000074505806 -0.011223587207496166
		endloop
	endfacet
	facet normal 0 1 0
		outer loop
			vertex 0.03999999910593033 0.017500000074505806 0
			vertex 0.02727457508444786 0.017500000074505806 -0.011223587207496166
			vertex 0 0.017500000074505806 0
		endloop
	endfacet
	facet normal 0 1 0
		outer loop
			vertex 0 0.017500000074505806 -0.03999999910593033
			vertex 0.011223587207496166 0.017500000074505806 -0.02727457508444786
			vertex 0.010690752416849136 0.017500000074505806 -0.029163865372538567
		endloop
	endfacet
	facet normal 0 1 0
		outer loop
			vertex 0 0.017500000074505806 -0.03999999910593033
			vertex 0 0.017500000074505806 0
			vertex 0.011223587207496166 0.017500000074505806 -0.02727457508444786
		endloop
	endfacet
	facet normal 0 1 0
		outer loop
			vertex 0.010307791642844677 0.017500000074505806 -0.031089138239622116
			vertex 0 0.017500000074505806 -0.03999999910593033
			vertex 0.010690752416849136 0.017500000074505806 -0.029163865372538567
		endloop
	endfacet
	facet normal 0 1 0
		outer loop
			vertex 0.031089138239622116 0.017500000074505806 -0.010307791642844677
			vertex 0.029163865372538567 0.017500000074505806 -0.010690752416849136
			vertex 0.03999999910593033 0.017500000074505806 0
		endloop
	endfacet
	facet normal 0 1 0
		outer loop
			vertex 0.010077066719532013 0.017500000074505806 -0.03303852304816246
			vertex 0 0.017500000074505806 -0.03999999910593033
			vertex 0.010307791642844677 0.017500000074505806 -0.031089138239622116
		endloop
	endfacet
	facet normal 0 1 0
		outer loop
			vertex 0.03303852304816246 0.017500000074505806 -0.010077066719532013
			vertex 0.031089138239622116 0.017500000074505806 -0.010307791642844677
			vertex 0.03999999910593033 0.017500000074505806 0
		endloop
	endfacet
	facet normal 0 1 0
		outer loop
			vertex 0.009999999776482582 0.017500000074505806 -0.03500000014901161
			vertex 0 0.017500000074505806 -0.03999999910593033
			vertex 0.010077066719532013 0.017500000074505806 -0.03303852304816246
		endloop
	endfacet
	facet normal 0 1 0
		outer loop
			vertex 0.03500000014901161 0.017500000074505806 -0.009999999776482582
			vertex 0.03303852304816246 0.017500000074505806 -0.010077066719532013
			vertex 0.03999999910593033 0.017500000074505806 0
		endloop
	endfacet
	facet normal 0 1 0
		outer loop
			vertex 0.007000000216066837 0.017500000074505806 -0.03999999910593033
			vertex 0.009999999776482582 0.017500000074505806 -0.03500000014901161
			vertex 0.009999999776482582 0.017500000074505806 -0.03700000047683716
		endloop
	endfacet
	facet normal 0 1 0
		outer loop
			vertex 0.007000000216066837 0.017500000074505806 -0.03999999910593033
			vertex 0 0.017500000074505806 -0.03999999910593033
			vertex 0.009999999776482582 0.017500000074505806 -0.03500000014901161
		endloop
	endfacet
	facet normal 0 1 0
		outer loop
			vertex 0.03999999910593033 0.017500000074505806 -0.007000000216066837
			vertex 0.03700000047683716 0.017500000074505806 -0.009999999776482582
			vertex 0.03500000014901161 0.017500000074505806 -0.009999999776482582
		endloop
	endfacet
	facet normal 0 1 0
		outer loop
			vertex 0.03999999910593033 0.017500000074505806 -0.007000000216066837
			vertex 0.03500000014901161 0.017500000074505806 -0.009999999776482582
			vertex 0.03999999910593033 0.017500000074505806 0
		endloop
	endfacet
	facet normal 0 1 0
		outer loop
			vertex 0.008870469406247139 0.017500000074505806 -0.03934549540281296
			vertex 0.009999999776482582 0.017500000074505806 -0.03700000047683716
			vertex 0.009924783371388912 0.017500000074505806 -0.03766756132245064
		endloop
	endfacet
	facet normal 0 1 0
		outer loop
			vertex 0.008870469406247139 0.017500000074505806 -0.03934549540281296
			vertex 0.009924783371388912 0.017500000074505806 -0.03766756132245064
			vertex 0.00970290694385767 0.017500000074505806 -0.03830165043473244
		endloop
	endfacet
	facet normal 0 1 0
		outer loop
			vertex 0.008870469406247139 0.017500000074505806 -0.03934549540281296
			vertex 0.00970290694385767 0.017500000074505806 -0.03830165043473244
			vertex 0.009345494210720062 0.017500000074505806 -0.038870468735694885
		endloop
	endfacet
	facet normal 0 1 0
		outer loop
			vertex 0.008870469406247139 0.017500000074505806 -0.03934549540281296
			vertex 0.00830165110528469 0.017500000074505806 -0.03970290720462799
			vertex 0.007667562924325466 0.017500000074505806 -0.03992478549480438
		endloop
	endfacet
	facet normal 0 1 0
		outer loop
			vertex 0.008870469406247139 0.017500000074505806 -0.03934549540281296
			vertex 0.007667562924325466 0.017500000074505806 -0.03992478549480438
			vertex 0.007000000216066837 0.017500000074505806 -0.03999999910593033
		endloop
	endfacet
	facet normal 0 1 0
		outer loop
			vertex 0.008870469406247139 0.017500000074505806 -0.03934549540281296
			vertex 0.007000000216066837 0.017500000074505806 -0.03999999910593033
			vertex 0.009999999776482582 0.017500000074505806 -0.03700000047683716
		endloop
	endfacet
	facet normal 0 1 0
		outer loop
			vertex 0.038870468735694885 0.017500000074505806 -0.009345494210720062
			vertex 0.03999999910593033 0.017500000074505806 -0.007000000216066837
			vertex 0.03992478549480438 0.017500000074505806 -0.007667562924325466
		endloop
	endfacet
	facet normal 0 1 0
		outer loop
			vertex 0.038870468735694885 0.017500000074505806 -0.009345494210720062
			vertex 0.03992478549480438 0.017500000074505806 -0.007667562924325466
			vertex 0.03970290720462799 0.017500000074505806 -0.00830165110528469
		endloop
	endfacet
	facet normal 0 1 0
		outer loop
			vertex 0.038870468735694885 0.017500000074505806 -0.009345494210720062
			vertex 0.03970290720462799 0.017500000074505806 -0.00830165110528469
			vertex 0.03934549540281296 0.017500000074505806 -0.008870469406247139
		endloop
	endfacet
	facet normal 0 1 0
		outer loop
			vertex 0.038870468735694885 0.017500000074505806 -0.009345494210720062
			vertex 0.03830165043473244 0.017500000074505806 -0.00970290694385767
			vertex 0.03766756132245064 0.017500000074505806 -0.009924783371388912
		endloop
	endfacet
	facet normal 0 1 0
		outer loop
			vertex 0.038870468735694885 0.017500000074505806 -0.009345494210720062
			vertex 0.03766756132245064 0.017500000074505806 -0.009924783371388912
			vertex 0.03700000047683716 0.017500000074505806 -0.009999999776482582
		endloop
	endfacet
	facet normal 0 1 0
		outer loop
			vertex 0.038870468735694885 0.017500000074505806 -0.009345494210720062
			vertex 0.03700000047683716 0.017500000074505806 -0.009999999776482582
			vertex 0.03999999910593033 0.017500000074505806 -0.007000000216066837
		endloop
	endfacet
	facet normal 0.11196059292844188 0 -0.9937126474142873
		outer loop
			vertex 0.007667562924325466 0.014000000432133675 -0.03992478549480438
			vertex 0.007000000216066837 0.014000000432133675 -0.03999999910593033
			vertex 0.007000000216066837 0.017500000074505806 -0.03999999910593033
		endloop
	endfacet
	facet normal 0.11196059292844188 0 -0.9937126474142873
		outer loop
			vertex 0.007667562924325466 0.014000000432133675 -0.03992478549480438
			vertex 0.007000000216066837 0.017500000074505806 -0.03999999910593033
			vertex 0.007667562924325466 0.017500000074505806 -0.03992478549480438
		endloop
	endfacet
	facet normal 0.3302807056342718 0 -0.9438827551585672
		outer loop
			vertex 0.00830165110528469 0.014000000432133675 -0.03970290720462799
			vertex 0.007667562924325466 0.017500000074505806 -0.03992478549480438
			vertex 0.00830165110528469 0.017500000074505806 -0.03970290720462799
		endloop
	endfacet
	facet normal 0.3302807056342718 0 -0.9438827551585672
		outer loop
			vertex 0.00830165110528469 0.014000000432133675 -0.03970290720462799
			vertex 0.007667562924325466 0.014000000432133675 -0.03992478549480438
			vertex 0.007667562924325466 0.017500000074505806 -0.03992478549480438
		endloop
	endfacet
	facet normal 0.5320316225996247 0 -0.8467244844422598
		outer loop
			vertex 0.008870469406247139 0.014000000432133675 -0.03934549540281296
			vertex 0.00830165110528469 0.017500000074505806 -0.03970290720462799
			vertex 0.008870469406247139 0.017500000074505806 -0.03934549540281296
		endloop
	endfacet
	facet normal 0.5320316225996247 0 -0.8467244844422598
		outer loop
			vertex 0.008870469406247139 0.014000000432133675 -0.03934549540281296
			vertex 0.00830165110528469 0.014000000432133675 -0.03970290720462799
			vertex 0.00830165110528469 0.017500000074505806 -0.03970290720462799
		endloop
	endfacet
	facet normal 0.7071081675195665 0 -0.7071053948508105
		outer loop
			vertex 0.009345494210720062 0.014000000432133675 -0.038870468735694885
			vertex 0.008870469406247139 0.017500000074505806 -0.03934549540281296
			vertex 0.009345494210720062 0.017500000074505806 -0.038870468735694885
		endloop
	endfacet
	facet normal 0.7071081675195665 0 -0.7071053948508105
		outer loop
			vertex 0.009345494210720062 0.014000000432133675 -0.038870468735694885
			vertex 0.008870469406247139 0.014000000432133675 -0.03934549540281296
			vertex 0.008870469406247139 0.017500000074505806 -0.03934549540281296
		endloop
	endfacet
	facet normal 0.846723859919403 0 -0.5320326165219452
		outer loop
			vertex 0.00970290694385767 0.014000000432133675 -0.03830165043473244
			vertex 0.009345494210720062 0.017500000074505806 -0.038870468735694885
			vertex 0.00970290694385767 0.017500000074505806 -0.03830165043473244
		endloop
	endfacet
	facet normal 0.846723859919403 0 -0.5320326165219452
		outer loop
			vertex 0.00970290694385767 0.014000000432133675 -0.03830165043473244
			vertex 0.009345494210720062 0.014000000432133675 -0.038870468735694885
			vertex 0.009345494210720062 0.017500000074505806 -0.038870468735694885
		endloop
	endfacet
	facet normal 0.9438837707528313 0 -0.3302778032345149
		outer loop
			vertex 0.009924783371388912 0.014000000432133675 -0.03766756132245064
			vertex 0.00970290694385767 0.017500000074505806 -0.03830165043473244
			vertex 0.009924783371388912 0.017500000074505806 -0.03766756132245064
		endloop
	endfacet
	facet normal 0.9438837707528313 0 -0.3302778032345149
		outer loop
			vertex 0.009924783371388912 0.014000000432133675 -0.03766756132245064
			vertex 0.00970290694385767 0.014000000432133675 -0.03830165043473244
			vertex 0.00970290694385767 0.017500000074505806 -0.03830165043473244
		endloop
	endfacet
	facet normal 0.9937121499296511 0 -0.11196500829362156
		outer loop
			vertex 0.009999999776482582 0.014000000432133675 -0.03700000047683716
			vertex 0.009924783371388912 0.017500000074505806 -0.03766756132245064
			vertex 0.009999999776482582 0.017500000074505806 -0.03700000047683716
		endloop
	endfacet
	facet normal 0.9937121499296511 0 -0.11196500829362156
		outer loop
			vertex 0.009999999776482582 0.014000000432133675 -0.03700000047683716
			vertex 0.009924783371388912 0.014000000432133675 -0.03766756132245064
			vertex 0.009924783371388912 0.017500000074505806 -0.03766756132245064
		endloop
	endfacet
	facet normal 0 0 -1
		outer loop
			vertex 0.03500000014901161 -0.014000000432133675 -0.009999999776482582
			vertex 0.03700000047683716 -0.017500000074505806 -0.009999999776482582
			vertex 0.03500000014901161 -0.017500000074505806 -0.009999999776482582
		endloop
	endfacet
	facet normal 0 0 -1
		outer loop
			vertex 0.03500000014901161 -0.014000000432133675 -0.009999999776482582
			vertex 0.03700000047683716 -0.014000000432133675 -0.009999999776482582
			vertex 0.03700000047683716 -0.017500000074505806 -0.009999999776482582
		endloop
	endfacet
	facet normal 0 0 -1
		outer loop
			vertex 0.03500000014901161 0.017500000074505806 -0.009999999776482582
			vertex 0.03700000047683716 0.014000000432133675 -0.009999999776482582
			vertex 0.03500000014901161 0.014000000432133675 -0.009999999776482582
		endloop
	endfacet
	facet normal 0 0 -1
		outer loop
			vertex 0.03500000014901161 0.017500000074505806 -0.009999999776482582
			vertex 0.03700000047683716 0.017500000074505806 -0.009999999776482582
			vertex 0.03700000047683716 0.014000000432133675 -0.009999999776482582
		endloop
	endfacet
	facet normal 0.11196500829362156 0 -0.9937121499296511
		outer loop
			vertex 0.03766756132245064 -0.017500000074505806 -0.009924783371388912
			vertex 0.03700000047683716 -0.017500000074505806 -0.009999999776482582
			vertex 0.03700000047683716 -0.014000000432133675 -0.009999999776482582
		endloop
	endfacet
	facet normal 0.11196500829362156 0 -0.9937121499296511
		outer loop
			vertex 0.03766756132245064 -0.017500000074505806 -0.009924783371388912
			vertex 0.03700000047683716 -0.014000000432133675 -0.009999999776482582
			vertex 0.03766756132245064 -0.014000000432133675 -0.009924783371388912
		endloop
	endfacet
	facet normal 0.3302778032345149 0 -0.9438837707528313
		outer loop
			vertex 0.03830165043473244 -0.017500000074505806 -0.00970290694385767
			vertex 0.03766756132245064 -0.014000000432133675 -0.009924783371388912
			vertex 0.03830165043473244 -0.014000000432133675 -0.00970290694385767
		endloop
	endfacet
	facet normal 0.3302778032345149 0 -0.9438837707528313
		outer loop
			vertex 0.03830165043473244 -0.017500000074505806 -0.00970290694385767
			vertex 0.03766756132245064 -0.017500000074505806 -0.009924783371388912
			vertex 0.03766756132245064 -0.014000000432133675 -0.009924783371388912
		endloop
	endfacet
	facet normal 0.5320326165219452 0 -0.846723859919403
		outer loop
			vertex 0.038870468735694885 -0.017500000074505806 -0.009345494210720062
			vertex 0.03830165043473244 -0.014000000432133675 -0.00970290694385767
			vertex 0.038870468735694885 -0.014000000432133675 -0.009345494210720062
		endloop
	endfacet
	facet normal 0.5320326165219452 0 -0.846723859919403
		outer loop
			vertex 0.038870468735694885 -0.017500000074505806 -0.009345494210720062
			vertex 0.03830165043473244 -0.017500000074505806 -0.00970290694385767
			vertex 0.03830165043473244 -0.014000000432133675 -0.00970290694385767
		endloop
	endfacet
	facet normal 0.7071053948508105 0 -0.7071081675195665
		outer loop
			vertex 0.03934549540281296 -0.017500000074505806 -0.008870469406247139
			vertex 0.038870468735694885 -0.014000000432133675 -0.009345494210720062
			vertex 0.03934549540281296 -0.014000000432133675 -0.008870469406247139
		endloop
	endfacet
	facet normal 0.7071053948508105 0 -0.7071081675195665
		outer loop
			vertex 0.03934549540281296 -0.017500000074505806 -0.008870469406247139
			vertex 0.038870468735694885 -0.017500000074505806 -0.009345494210720062
			vertex 0.038870468735694885 -0.014000000432133675 -0.009345494210720062
		endloop
	endfacet
	facet normal 0.8467244844422598 0 -0.5320316225996247
		outer loop
			vertex 0.03970290720462799 -0.017500000074505806 -0.00830165110528469
			vertex 0.03934549540281296 -0.014000000432133675 -0.008870469406247139
			vertex 0.03970290720462799 -0.014000000432133675 -0.00830165110528469
		endloop
	endfacet
	facet normal 0.8467244844422598 0 -0.5320316225996247
		outer loop
			vertex 0.03970290720462799 -0.017500000074505806 -0.00830165110528469
			vertex 0.03934549540281296 -0.017500000074505806 -0.008870469406247139
			vertex 0.03934549540281296 -0.014000000432133675 -0.008870469406247139
		endloop
	endfacet
	facet normal 0.9438827551585672 0 -0.3302807056342718
		outer loop
			vertex 0.03992478549480438 -0.017500000074505806 -0.007667562924325466
			vertex 0.03970290720462799 -0.014000000432133675 -0.00830165110528469
			vertex 0.03992478549480438 -0.014000000432133675 -0.007667562924325466
		endloop
	endfacet
	facet normal 0.9438827551585672 0 -0.3302807056342718
		outer loop
			vertex 0.03992478549480438 -0.017500000074505806 -0.007667562924325466
			vertex 0.03970290720462799 -0.017500000074505806 -0.00830165110528469
			vertex 0.03970290720462799 -0.014000000432133675 -0.00830165110528469
		endloop
	endfacet
	facet normal 0.9937126474142873 0 -0.11196059292844188
		outer loop
			vertex 0.03999999910593033 -0.017500000074505806 -0.007000000216066837
			vertex 0.03992478549480438 -0.014000000432133675 -0.007667562924325466
			vertex 0.03999999910593033 -0.014000000432133675 -0.007000000216066837
		endloop
	endfacet
	facet normal 0.9937126474142873 0 -0.11196059292844188
		outer loop
			vertex 0.03999999910593033 -0.017500000074505806 -0.007000000216066837
			vertex 0.03992478549480438 -0.017500000074505806 -0.007667562924325466
			vertex 0.03992478549480438 -0.014000000432133675 -0.007667562924325466
		endloop
	endfacet
	facet normal 0 1 0
		outer loop
			vertex 0.01598985120654106 -0.014000000432133675 -0.018763799220323563
			vertex 0.006000000052154064 -0.014000000432133675 -0.006000000052154064
			vertex 0.017322329804301262 -0.014000000432133675 -0.017322329804301262
		endloop
	endfacet
	facet normal 0 1 0
		outer loop
			vertex 0.018763799220323563 -0.014000000432133675 -0.01598985120654106
			vertex 0.017322329804301262 -0.014000000432133675 -0.017322329804301262
			vertex 0.006000000052154064 -0.014000000432133675 -0.006000000052154064
		endloop
	endfacet
	facet normal 0 1 0
		outer loop
			vertex 0.020305369049310684 -0.014000000432133675 -0.014774574898183346
			vertex 0.018763799220323563 -0.014000000432133675 -0.01598985120654106
			vertex 0.006000000052154064 -0.014000000432133675 -0.006000000052154064
		endloop
	endfacet
	facet normal 0 1 0
		outer loop
			vertex 0.014774574898183346 -0.014000000432133675 -0.020305369049310684
			vertex 0.006000000052154064 -0.014000000432133675 -0.006000000052154064
			vertex 0.01598985120654106 -0.014000000432133675 -0.018763799220323563
		endloop
	endfacet
	facet normal 0 1 0
		outer loop
			vertex 0.01368399616330862 -0.014000000432133675 -0.02193753607571125
			vertex 0.006000000052154064 -0.014000000432133675 -0.006000000052154064
			vertex 0.014774574898183346 -0.014000000432133675 -0.020305369049310684
		endloop
	endfacet
	facet normal 0 1 0
		outer loop
			vertex 0.02193753607571125 -0.014000000432133675 -0.01368399616330862
			vertex 0.020305369049310684 -0.014000000432133675 -0.014774574898183346
			vertex 0.006000000052154064 -0.014000000432133675 -0.006000000052154064
		endloop
	endfacet
	facet normal 0 1 0
		outer loop
			vertex 0.01272483728826046 -0.014000000432133675 -0.023650238290429115
			vertex 0.006000000052154064 -0.014000000432133675 -0.006000000052154064
			vertex 0.01368399616330862 -0.014000000432133675 -0.02193753607571125
		endloop
	endfacet
	facet normal 0 1 0
		outer loop
			vertex 0.023650238290429115 -0.014000000432133675 -0.01272483728826046
			vertex 0.02193753607571125 -0.014000000432133675 -0.01368399616330862
			vertex 0.006000000052154064 -0.014000000432133675 -0.006000000052154064
		endloop
	endfacet
	facet normal 0 1 0
		outer loop
			vertex 0.011903011240065098 -0.014000000432133675 -0.02543291449546814
			vertex 0.006000000052154064 -0.014000000432133675 -0.006000000052154064
			vertex 0.01272483728826046 -0.014000000432133675 -0.023650238290429115
		endloop
	endfacet
	facet normal 0 1 0
		outer loop
			vertex 0.02543291449546814 -0.014000000432133675 -0.011903011240065098
			vertex 0.023650238290429115 -0.014000000432133675 -0.01272483728826046
			vertex 0.006000000052154064 -0.014000000432133675 -0.006000000052154064
		endloop
	endfacet
	facet normal 0 1 0
		outer loop
			vertex 0.02727457508444786 -0.014000000432133675 -0.011223587207496166
			vertex 0.02543291449546814 -0.014000000432133675 -0.011903011240065098
			vertex 0.006000000052154064 -0.014000000432133675 -0.006000000052154064
		endloop
	endfacet
	facet normal 0 1 0
		outer loop
			vertex 0.011223587207496166 -0.014000000432133675 -0.02727457508444786
			vertex 0.006000000052154064 -0.014000000432133675 -0.006000000052154064
			vertex 0.011903011240065098 -0.014000000432133675 -0.02543291449546814
		endloop
	endfacet
	facet normal 0 1 0
		outer loop
			vertex 0.029163865372538567 -0.014000000432133675 -0.010690752416849136
			vertex 0.02727457508444786 -0.014000000432133675 -0.011223587207496166
			vertex 0.006000000052154064 -0.014000000432133675 -0.006000000052154064
		endloop
	endfacet
	facet normal 0 1 0
		outer loop
			vertex 0.010690752416849136 -0.014000000432133675 -0.029163865372538567
			vertex 0.006000000052154064 -0.014000000432133675 -0.006000000052154064
			vertex 0.011223587207496166 -0.014000000432133675 -0.02727457508444786
		endloop
	endfacet
	facet normal 0 1 0
		outer loop
			vertex 0.03999999910593033 -0.014000000432133675 -0.006000000052154064
			vertex 0.031089138239622116 -0.014000000432133675 -0.010307791642844677
			vertex 0.029163865372538567 -0.014000000432133675 -0.010690752416849136
		endloop
	endfacet
	facet normal 0 1 0
		outer loop
			vertex 0.03999999910593033 -0.014000000432133675 -0.006000000052154064
			vertex 0.03303852304816246 -0.014000000432133675 -0.010077066719532013
			vertex 0.031089138239622116 -0.014000000432133675 -0.010307791642844677
		endloop
	endfacet
	facet normal 0 1 0
		outer loop
			vertex 0.03999999910593033 -0.014000000432133675 -0.006000000052154064
			vertex 0.03500000014901161 -0.014000000432133675 -0.009999999776482582
			vertex 0.03303852304816246 -0.014000000432133675 -0.010077066719532013
		endloop
	endfacet
	facet normal 0 1 0
		outer loop
			vertex 0.03999999910593033 -0.014000000432133675 -0.006000000052154064
			vertex 0.029163865372538567 -0.014000000432133675 -0.010690752416849136
			vertex 0.006000000052154064 -0.014000000432133675 -0.006000000052154064
		endloop
	endfacet
	facet normal 0 1 0
		outer loop
			vertex 0.006000000052154064 -0.014000000432133675 -0.03999999910593033
			vertex 0.010077066719532013 -0.014000000432133675 -0.03303852304816246
			vertex 0.009999999776482582 -0.014000000432133675 -0.03500000014901161
		endloop
	endfacet
	facet normal 0 1 0
		outer loop
			vertex 0.006000000052154064 -0.014000000432133675 -0.03999999910593033
			vertex 0.010307791642844677 -0.014000000432133675 -0.031089138239622116
			vertex 0.010077066719532013 -0.014000000432133675 -0.03303852304816246
		endloop
	endfacet
	facet normal 0 1 0
		outer loop
			vertex 0.006000000052154064 -0.014000000432133675 -0.03999999910593033
			vertex 0.010690752416849136 -0.014000000432133675 -0.029163865372538567
			vertex 0.010307791642844677 -0.014000000432133675 -0.031089138239622116
		endloop
	endfacet
	facet normal 0 1 0
		outer loop
			vertex 0.006000000052154064 -0.014000000432133675 -0.03999999910593033
			vertex 0.006000000052154064 -0.014000000432133675 -0.006000000052154064
			vertex 0.010690752416849136 -0.014000000432133675 -0.029163865372538567
		endloop
	endfacet
	facet normal 0 1 0
		outer loop
			vertex 0.009999999776482582 -0.014000000432133675 -0.03700000047683716
			vertex 0.006000000052154064 -0.014000000432133675 -0.03999999910593033
			vertex 0.009999999776482582 -0.014000000432133675 -0.03500000014901161
		endloop
	endfacet
	facet normal 0 1 0
		outer loop
			vertex 0.03700000047683716 -0.014000000432133675 -0.009999999776482582
			vertex 0.03500000014901161 -0.014000000432133675 -0.009999999776482582
			vertex 0.03999999910593033 -0.014000000432133675 -0.006000000052154064
		endloop
	endfacet
	facet normal 0 1 0
		outer loop
			vertex 0.007000000216066837 -0.014000000432133675 -0.03999999910593033
			vertex 0.006000000052154064 -0.014000000432133675 -0.03999999910593033
			vertex 0.009999999776482582 -0.014000000432133675 -0.03700000047683716
		endloop
	endfacet
	facet normal 0 1 0
		outer loop
			vertex 0.03999999910593033 -0.014000000432133675 -0.007000000216066837
			vertex 0.03700000047683716 -0.014000000432133675 -0.009999999776482582
			vertex 0.03999999910593033 -0.014000000432133675 -0.006000000052154064
		endloop
	endfacet
	facet normal 0 1 0
		outer loop
			vertex 0.008870469406247139 -0.014000000432133675 -0.03934549540281296
			vertex 0.009999999776482582 -0.014000000432133675 -0.03700000047683716
			vertex 0.009924783371388912 -0.014000000432133675 -0.03766756132245064
		endloop
	endfacet
	facet normal 0 1 0
		outer loop
			vertex 0.008870469406247139 -0.014000000432133675 -0.03934549540281296
			vertex 0.009924783371388912 -0.014000000432133675 -0.03766756132245064
			vertex 0.00970290694385767 -0.014000000432133675 -0.03830165043473244
		endloop
	endfacet
	facet normal 0 1 0
		outer loop
			vertex 0.008870469406247139 -0.014000000432133675 -0.03934549540281296
			vertex 0.00970290694385767 -0.014000000432133675 -0.03830165043473244
			vertex 0.009345494210720062 -0.014000000432133675 -0.038870468735694885
		endloop
	endfacet
	facet normal 0 1 0
		outer loop
			vertex 0.008870469406247139 -0.014000000432133675 -0.03934549540281296
			vertex 0.00830165110528469 -0.014000000432133675 -0.03970290720462799
			vertex 0.007667562924325466 -0.014000000432133675 -0.03992478549480438
		endloop
	endfacet
	facet normal 0 1 0
		outer loop
			vertex 0.008870469406247139 -0.014000000432133675 -0.03934549540281296
			vertex 0.007667562924325466 -0.014000000432133675 -0.03992478549480438
			vertex 0.007000000216066837 -0.014000000432133675 -0.03999999910593033
		endloop
	endfacet
	facet normal 0 1 0
		outer loop
			vertex 0.008870469406247139 -0.014000000432133675 -0.03934549540281296
			vertex 0.007000000216066837 -0.014000000432133675 -0.03999999910593033
			vertex 0.009999999776482582 -0.014000000432133675 -0.03700000047683716
		endloop
	endfacet
	facet normal 0 1 0
		outer loop
			vertex 0.038870468735694885 -0.014000000432133675 -0.009345494210720062
			vertex 0.03700000047683716 -0.014000000432133675 -0.009999999776482582
			vertex 0.03999999910593033 -0.014000000432133675 -0.007000000216066837
		endloop
	endfacet
	facet normal 0 1 0
		outer loop
			vertex 0.038870468735694885 -0.014000000432133675 -0.009345494210720062
			vertex 0.03999999910593033 -0.014000000432133675 -0.007000000216066837
			vertex 0.03992478549480438 -0.014000000432133675 -0.007667562924325466
		endloop
	endfacet
	facet normal 0 1 0
		outer loop
			vertex 0.038870468735694885 -0.014000000432133675 -0.009345494210720062
			vertex 0.03992478549480438 -0.014000000432133675 -0.007667562924325466
			vertex 0.03970290720462799 -0.014000000432133675 -0.00830165110528469
		endloop
	endfacet
	facet normal 0 1 0
		outer loop
			vertex 0.038870468735694885 -0.014000000432133675 -0.009345494210720062
			vertex 0.03970290720462799 -0.014000000432133675 -0.00830165110528469
			vertex 0.03934549540281296 -0.014000000432133675 -0.008870469406247139
		endloop
	endfacet
	facet normal 0 1 0
		outer loop
			vertex 0.038870468735694885 -0.014000000432133675 -0.009345494210720062
			vertex 0.03830165043473244 -0.014000000432133675 -0.00970290694385767
			vertex 0.03766756132245064 -0.014000000432133675 -0.009924783371388912
		endloop
	endfacet
	facet normal 0 1 0
		outer loop
			vertex 0.038870468735694885 -0.014000000432133675 -0.009345494210720062
			vertex 0.03766756132245064 -0.014000000432133675 -0.009924783371388912
			vertex 0.03700000047683716 -0.014000000432133675 -0.009999999776482582
		endloop
	endfacet
	facet normal 0 0 -1
		outer loop
			vertex 0.012408922426402569 -0.0027118558064103127 -0.006000000052154064
			vertex 0.012968369759619236 -0.003325540106743574 -0.006000000052154064
			vertex 0.006000000052154064 -0.014000000432133675 -0.006000000052154064
		endloop
	endfacet
	facet normal 0 0 -1
		outer loop
			vertex 0.013631055131554604 -0.003825977211818099 -0.006000000052154064
			vertex 0.006000000052154064 -0.014000000432133675 -0.006000000052154064
			vertex 0.012968369759619236 -0.003325540106743574 -0.006000000052154064
		endloop
	endfacet
	facet normal 0 0 -1
		outer loop
			vertex 0.011971765197813511 -0.002005822490900755 -0.006000000052154064
			vertex 0.012408922426402569 -0.0027118558064103127 -0.006000000052154064
			vertex 0.006000000052154064 -0.014000000432133675 -0.006000000052154064
		endloop
	endfacet
	facet normal 0 0 -1
		outer loop
			vertex 0.014374412596225739 -0.004196125082671642 -0.006000000052154064
			vertex 0.006000000052154064 -0.014000000432133675 -0.006000000052154064
			vertex 0.013631055131554604 -0.003825977211818099 -0.006000000052154064
		endloop
	endfacet
	facet normal 0 0 -1
		outer loop
			vertex 0.011671784333884716 -0.0012314834166318178 -0.006000000052154064
			vertex 0.011971765197813511 -0.002005822490900755 -0.006000000052154064
			vertex 0.006000000052154064 -0.014000000432133675 -0.006000000052154064
		endloop
	endfacet
	facet normal 0 0 -1
		outer loop
			vertex 0.015173126943409443 -0.0044233789667487144 -0.006000000052154064
			vertex 0.006000000052154064 -0.014000000432133675 -0.006000000052154064
			vertex 0.014374412596225739 -0.004196125082671642 -0.006000000052154064
		endloop
	endfacet
	facet normal 0 0 -1
		outer loop
			vertex 0.011519196443259716 -0.00041520761442370713 -0.006000000052154064
			vertex 0.011671784333884716 -0.0012314834166318178 -0.006000000052154064
			vertex 0.006000000052154064 -0.014000000432133675 -0.006000000052154064
		endloop
	endfacet
	facet normal 0 0 -1
		outer loop
			vertex 0.01600000075995922 -0.0044999998062849045 -0.006000000052154064
			vertex 0.006000000052154064 -0.014000000432133675 -0.006000000052154064
			vertex 0.015173126943409443 -0.0044233789667487144 -0.006000000052154064
		endloop
	endfacet
	facet normal 0 0 -1
		outer loop
			vertex 0.006000000052154064 0.014000000432133675 -0.006000000052154064
			vertex 0.011519196443259716 0.00041520761442370713 -0.006000000052154064
			vertex 0.011519196443259716 -0.00041520761442370713 -0.006000000052154064
		endloop
	endfacet
	facet normal 0 0 -1
		outer loop
			vertex 0.006000000052154064 0.014000000432133675 -0.006000000052154064
			vertex 0.011671784333884716 0.0012314834166318178 -0.006000000052154064
			vertex 0.011519196443259716 0.00041520761442370713 -0.006000000052154064
		endloop
	endfacet
	facet normal 0 0 -1
		outer loop
			vertex 0.006000000052154064 0.014000000432133675 -0.006000000052154064
			vertex 0.011971765197813511 0.002005822490900755 -0.006000000052154064
			vertex 0.011671784333884716 0.0012314834166318178 -0.006000000052154064
		endloop
	endfacet
	facet normal 0 0 -1
		outer loop
			vertex 0.006000000052154064 0.014000000432133675 -0.006000000052154064
			vertex 0.012408922426402569 0.0027118558064103127 -0.006000000052154064
			vertex 0.011971765197813511 0.002005822490900755 -0.006000000052154064
		endloop
	endfacet
	facet normal 0 0 -1
		outer loop
			vertex 0.006000000052154064 0.014000000432133675 -0.006000000052154064
			vertex 0.012968369759619236 0.003325540106743574 -0.006000000052154064
			vertex 0.012408922426402569 0.0027118558064103127 -0.006000000052154064
		endloop
	endfacet
	facet normal 0 0 -1
		outer loop
			vertex 0.006000000052154064 0.014000000432133675 -0.006000000052154064
			vertex 0.013631055131554604 0.003825977211818099 -0.006000000052154064
			vertex 0.012968369759619236 0.003325540106743574 -0.006000000052154064
		endloop
	endfacet
	facet normal 0 0 -1
		outer loop
			vertex 0.006000000052154064 0.014000000432133675 -0.006000000052154064
			vertex 0.014374412596225739 0.004196125082671642 -0.006000000052154064
			vertex 0.013631055131554604 0.003825977211818099 -0.006000000052154064
		endloop
	endfacet
	facet normal 0 0 -1
		outer loop
			vertex 0.006000000052154064 0.014000000432133675 -0.006000000052154064
			vertex 0.015173126943409443 0.0044233789667487144 -0.006000000052154064
			vertex 0.014374412596225739 0.004196125082671642 -0.006000000052154064
		endloop
	endfacet
	facet normal 0 0 -1
		outer loop
			vertex 0.006000000052154064 0.014000000432133675 -0.006000000052154064
			vertex 0.011519196443259716 -0.00041520761442370713 -0.006000000052154064
			vertex 0.006000000052154064 -0.014000000432133675 -0.006000000052154064
		endloop
	endfacet
	facet normal 0 0 -1
		outer loop
			vertex 0.01600000075995922 0.0044999998062849045 -0.006000000052154064
			vertex 0.015173126943409443 0.0044233789667487144 -0.006000000052154064
			vertex 0.006000000052154064 0.014000000432133675 -0.006000000052154064
		endloop
	endfacet
	facet normal 0 0 -1
		outer loop
			vertex 0.027000000700354576 -0.0044999998062849045 -0.006000000052154064
			vertex 0.006000000052154064 -0.014000000432133675 -0.006000000052154064
			vertex 0.01600000075995922 -0.0044999998062849045 -0.006000000052154064
		endloop
	endfacet
	facet normal 0 0 -1
		outer loop
			vertex 0.03999999910593033 -0.014000000432133675 -0.006000000052154064
			vertex 0.02862558700144291 -0.004196125082671642 -0.006000000052154064
			vertex 0.029368944466114044 -0.003825977211818099 -0.006000000052154064
		endloop
	endfacet
	facet normal 0 0 -1
		outer loop
			vertex 0.03999999910593033 -0.014000000432133675 -0.006000000052154064
			vertex 0.02782687358558178 -0.0044233789667487144 -0.006000000052154064
			vertex 0.02862558700144291 -0.004196125082671642 -0.006000000052154064
		endloop
	endfacet
	facet normal 0 0 -1
		outer loop
			vertex 0.03999999910593033 -0.014000000432133675 -0.006000000052154064
			vertex 0.027000000700354576 -0.0044999998062849045 -0.006000000052154064
			vertex 0.02782687358558178 -0.0044233789667487144 -0.006000000052154064
		endloop
	endfacet
	facet normal 0 0 -1
		outer loop
			vertex 0.03999999910593033 -0.014000000432133675 -0.006000000052154064
			vertex 0.006000000052154064 -0.014000000432133675 -0.006000000052154064
			vertex 0.027000000700354576 -0.0044999998062849045 -0.006000000052154064
		endloop
	endfacet
	facet normal 0 0 -1
		outer loop
			vertex 0.030031630769371986 -0.003325540106743574 -0.006000000052154064
			vertex 0.03999999910593033 -0.014000000432133675 -0.006000000052154064
			vertex 0.029368944466114044 -0.003825977211818099 -0.006000000052154064
		endloop
	endfacet
	facet normal 0 0 -1
		outer loop
			vertex 0.030591078102588654 -0.0027118558064103127 -0.006000000052154064
			vertex 0.03999999910593033 -0.014000000432133675 -0.006000000052154064
			vertex 0.030031630769371986 -0.003325540106743574 -0.006000000052154064
		endloop
	endfacet
	facet normal 0 0 -1
		outer loop
			vertex 0.03102823533117771 -0.002005822490900755 -0.006000000052154064
			vertex 0.03999999910593033 -0.014000000432133675 -0.006000000052154064
			vertex 0.030591078102588654 -0.0027118558064103127 -0.006000000052154064
		endloop
	endfacet
	facet normal 0 0 -1
		outer loop
			vertex 0.031328216195106506 -0.0012314834166318178 -0.006000000052154064
			vertex 0.03999999910593033 -0.014000000432133675 -0.006000000052154064
			vertex 0.03102823533117771 -0.002005822490900755 -0.006000000052154064
		endloop
	endfacet
	facet normal 0 0 -1
		outer loop
			vertex 0.031480804085731506 -0.00041520761442370713 -0.006000000052154064
			vertex 0.03999999910593033 -0.014000000432133675 -0.006000000052154064
			vertex 0.031328216195106506 -0.0012314834166318178 -0.006000000052154064
		endloop
	endfacet
	facet normal 0 0 -1
		outer loop
			vertex 0.027000000700354576 0.0044999998062849045 -0.006000000052154064
			vertex 0.01600000075995922 0.0044999998062849045 -0.006000000052154064
			vertex 0.006000000052154064 0.014000000432133675 -0.006000000052154064
		endloop
	endfacet
	facet normal 0 0 -1
		outer loop
			vertex 0.03999999910593033 0.014000000432133675 -0.006000000052154064
			vertex 0.03999999910593033 -0.014000000432133675 -0.006000000052154064
			vertex 0.031480804085731506 -0.00041520761442370713 -0.006000000052154064
		endloop
	endfacet
	facet normal 0 0 -1
		outer loop
			vertex 0.03999999910593033 0.014000000432133675 -0.006000000052154064
			vertex 0.027000000700354576 0.0044999998062849045 -0.006000000052154064
			vertex 0.006000000052154064 0.014000000432133675 -0.006000000052154064
		endloop
	endfacet
	facet normal 0 0 -1
		outer loop
			vertex 0.03999999910593033 0.014000000432133675 -0.006000000052154064
			vertex 0.02782687358558178 0.0044233789667487144 -0.006000000052154064
			vertex 0.027000000700354576 0.0044999998062849045 -0.006000000052154064
		endloop
	endfacet
	facet normal 0 0 -1
		outer loop
			vertex 0.03999999910593033 0.014000000432133675 -0.006000000052154064
			vertex 0.02862558700144291 0.004196125082671642 -0.006000000052154064
			vertex 0.02782687358558178 0.0044233789667487144 -0.006000000052154064
		endloop
	endfacet
	facet normal 0 0 -1
		outer loop
			vertex 0.03999999910593033 0.014000000432133675 -0.006000000052154064
			vertex 0.029368944466114044 0.003825977211818099 -0.006000000052154064
			vertex 0.02862558700144291 0.004196125082671642 -0.006000000052154064
		endloop
	endfacet
	facet normal 0 0 -1
		outer loop
			vertex 0.03999999910593033 0.014000000432133675 -0.006000000052154064
			vertex 0.030031630769371986 0.003325540106743574 -0.006000000052154064
			vertex 0.029368944466114044 0.003825977211818099 -0.006000000052154064
		endloop
	endfacet
	facet normal 0 0 -1
		outer loop
			vertex 0.03999999910593033 0.014000000432133675 -0.006000000052154064
			vertex 0.030591078102588654 0.0027118558064103127 -0.006000000052154064
			vertex 0.030031630769371986 0.003325540106743574 -0.006000000052154064
		endloop
	endfacet
	facet normal 0 0 -1
		outer loop
			vertex 0.03999999910593033 0.014000000432133675 -0.006000000052154064
			vertex 0.03102823533117771 0.002005822490900755 -0.006000000052154064
			vertex 0.030591078102588654 0.0027118558064103127 -0.006000000052154064
		endloop
	endfacet
	facet normal 0 0 -1
		outer loop
			vertex 0.03999999910593033 0.014000000432133675 -0.006000000052154064
			vertex 0.031328216195106506 0.0012314834166318178 -0.006000000052154064
			vertex 0.03102823533117771 0.002005822490900755 -0.006000000052154064
		endloop
	endfacet
	facet normal 0 0 -1
		outer loop
			vertex 0.03999999910593033 0.014000000432133675 -0.006000000052154064
			vertex 0.031480804085731506 0.00041520761442370713 -0.006000000052154064
			vertex 0.031328216195106506 0.0012314834166318178 -0.006000000052154064
		endloop
	endfacet
	facet normal 0 0 -1
		outer loop
			vertex 0.03999999910593033 0.014000000432133675 -0.006000000052154064
			vertex 0.031480804085731506 -0.00041520761442370713 -0.006000000052154064
			vertex 0.031480804085731506 0.00041520761442370713 -0.006000000052154064
		endloop
	endfacet
	facet normal 1 0 0
		outer loop
			vertex 0.006000000052154064 -0.0027118558064103127 -0.030591078102588654
			vertex 0.006000000052154064 -0.003325540106743574 -0.030031630769371986
			vertex 0.006000000052154064 -0.014000000432133675 -0.03999999910593033
		endloop
	endfacet
	facet normal 1 0 0
		outer loop
			vertex 0.006000000052154064 -0.003825977211818099 -0.029368944466114044
			vertex 0.006000000052154064 -0.014000000432133675 -0.03999999910593033
			vertex 0.006000000052154064 -0.003325540106743574 -0.030031630769371986
		endloop
	endfacet
	facet normal 1 0 0
		outer loop
			vertex 0.006000000052154064 -0.002005822490900755 -0.03102823533117771
			vertex 0.006000000052154064 -0.0027118558064103127 -0.030591078102588654
			vertex 0.006000000052154064 -0.014000000432133675 -0.03999999910593033
		endloop
	endfacet
	facet normal 1 0 0
		outer loop
			vertex 0.006000000052154064 -0.004196125082671642 -0.02862558700144291
			vertex 0.006000000052154064 -0.014000000432133675 -0.03999999910593033
			vertex 0.006000000052154064 -0.003825977211818099 -0.029368944466114044
		endloop
	endfacet
	facet normal 1 0 0
		outer loop
			vertex 0.006000000052154064 -0.0012314834166318178 -0.031328216195106506
			vertex 0.006000000052154064 -0.002005822490900755 -0.03102823533117771
			vertex 0.006000000052154064 -0.014000000432133675 -0.03999999910593033
		endloop
	endfacet
	facet normal 1 0 0
		outer loop
			vertex 0.006000000052154064 -0.0044233789667487144 -0.02782687358558178
			vertex 0.006000000052154064 -0.014000000432133675 -0.03999999910593033
			vertex 0.006000000052154064 -0.004196125082671642 -0.02862558700144291
		endloop
	endfacet
	facet normal 1 0 0
		outer loop
			vertex 0.006000000052154064 -0.00041520761442370713 -0.031480804085731506
			vertex 0.006000000052154064 -0.0012314834166318178 -0.031328216195106506
			vertex 0.006000000052154064 -0.014000000432133675 -0.03999999910593033
		endloop
	endfacet
	facet normal 1 0 0
		outer loop
			vertex 0.006000000052154064 -0.0044999998062849045 -0.027000000700354576
			vertex 0.006000000052154064 -0.014000000432133675 -0.03999999910593033
			vertex 0.006000000052154064 -0.0044233789667487144 -0.02782687358558178
		endloop
	endfacet
	facet normal 1 0 0
		outer loop
			vertex 0.006000000052154064 0.014000000432133675 -0.03999999910593033
			vertex 0.006000000052154064 0.00041520761442370713 -0.031480804085731506
			vertex 0.006000000052154064 -0.00041520761442370713 -0.031480804085731506
		endloop
	endfacet
	facet normal 1 0 0
		outer loop
			vertex 0.006000000052154064 0.014000000432133675 -0.03999999910593033
			vertex 0.006000000052154064 0.0012314834166318178 -0.031328216195106506
			vertex 0.006000000052154064 0.00041520761442370713 -0.031480804085731506
		endloop
	endfacet
	facet normal 1 0 0
		outer loop
			vertex 0.006000000052154064 0.014000000432133675 -0.03999999910593033
			vertex 0.006000000052154064 0.002005822490900755 -0.03102823533117771
			vertex 0.006000000052154064 0.0012314834166318178 -0.031328216195106506
		endloop
	endfacet
	facet normal 1 0 0
		outer loop
			vertex 0.006000000052154064 0.014000000432133675 -0.03999999910593033
			vertex 0.006000000052154064 0.0027118558064103127 -0.030591078102588654
			vertex 0.006000000052154064 0.002005822490900755 -0.03102823533117771
		endloop
	endfacet
	facet normal 1 0 0
		outer loop
			vertex 0.006000000052154064 0.014000000432133675 -0.03999999910593033
			vertex 0.006000000052154064 0.003325540106743574 -0.030031630769371986
			vertex 0.006000000052154064 0.0027118558064103127 -0.030591078102588654
		endloop
	endfacet
	facet normal 1 0 0
		outer loop
			vertex 0.006000000052154064 0.014000000432133675 -0.03999999910593033
			vertex 0.006000000052154064 -0.00041520761442370713 -0.031480804085731506
			vertex 0.006000000052154064 -0.014000000432133675 -0.03999999910593033
		endloop
	endfacet
	facet normal 1 0 0
		outer loop
			vertex 0.006000000052154064 0.003825977211818099 -0.029368944466114044
			vertex 0.006000000052154064 0.003325540106743574 -0.030031630769371986
			vertex 0.006000000052154064 0.014000000432133675 -0.03999999910593033
		endloop
	endfacet
	facet normal 1 0 0
		outer loop
			vertex 0.006000000052154064 0.004196125082671642 -0.02862558700144291
			vertex 0.006000000052154064 0.003825977211818099 -0.029368944466114044
			vertex 0.006000000052154064 0.014000000432133675 -0.03999999910593033
		endloop
	endfacet
	facet normal 1 0 0
		outer loop
			vertex 0.006000000052154064 0.0044233789667487144 -0.02782687358558178
			vertex 0.006000000052154064 0.004196125082671642 -0.02862558700144291
			vertex 0.006000000052154064 0.014000000432133675 -0.03999999910593033
		endloop
	endfacet
	facet normal 1 0 0
		outer loop
			vertex 0.006000000052154064 0.0044999998062849045 -0.027000000700354576
			vertex 0.006000000052154064 0.0044233789667487144 -0.02782687358558178
			vertex 0.006000000052154064 0.014000000432133675 -0.03999999910593033
		endloop
	endfacet
	facet normal 1 0 0
		outer loop
			vertex 0.006000000052154064 -0.014000000432133675 -0.006000000052154064
			vertex 0.006000000052154064 -0.0044999998062849045 -0.027000000700354576
			vertex 0.006000000052154064 -0.0044999998062849045 -0.01600000075995922
		endloop
	endfacet
	facet normal 1 0 0
		outer loop
			vertex 0.006000000052154064 -0.014000000432133675 -0.006000000052154064
			vertex 0.006000000052154064 -0.014000000432133675 -0.03999999910593033
			vertex 0.006000000052154064 -0.0044999998062849045 -0.027000000700354576
		endloop
	endfacet
	facet normal 1 0 0
		outer loop
			vertex 0.006000000052154064 -0.0044233789667487144 -0.015173126943409443
			vertex 0.006000000052154064 -0.014000000432133675 -0.006000000052154064
			vertex 0.006000000052154064 -0.0044999998062849045 -0.01600000075995922
		endloop
	endfacet
	facet normal 1 0 0
		outer loop
			vertex 0.006000000052154064 -0.004196125082671642 -0.014374412596225739
			vertex 0.006000000052154064 -0.014000000432133675 -0.006000000052154064
			vertex 0.006000000052154064 -0.0044233789667487144 -0.015173126943409443
		endloop
	endfacet
	facet normal 1 0 0
		outer loop
			vertex 0.006000000052154064 -0.003825977211818099 -0.013631055131554604
			vertex 0.006000000052154064 -0.014000000432133675 -0.006000000052154064
			vertex 0.006000000052154064 -0.004196125082671642 -0.014374412596225739
		endloop
	endfacet
	facet normal 1 0 0
		outer loop
			vertex 0.006000000052154064 -0.003325540106743574 -0.012968369759619236
			vertex 0.006000000052154064 -0.014000000432133675 -0.006000000052154064
			vertex 0.006000000052154064 -0.003825977211818099 -0.013631055131554604
		endloop
	endfacet
	facet normal 1 0 0
		outer loop
			vertex 0.006000000052154064 -0.0027118558064103127 -0.012408922426402569
			vertex 0.006000000052154064 -0.014000000432133675 -0.006000000052154064
			vertex 0.006000000052154064 -0.003325540106743574 -0.012968369759619236
		endloop
	endfacet
	facet normal 1 0 0
		outer loop
			vertex 0.006000000052154064 -0.002005822490900755 -0.011971765197813511
			vertex 0.006000000052154064 -0.014000000432133675 -0.006000000052154064
			vertex 0.006000000052154064 -0.0027118558064103127 -0.012408922426402569
		endloop
	endfacet
	facet normal 1 0 0
		outer loop
			vertex 0.006000000052154064 -0.0012314834166318178 -0.011671784333884716
			vertex 0.006000000052154064 -0.014000000432133675 -0.006000000052154064
			vertex 0.006000000052154064 -0.002005822490900755 -0.011971765197813511
		endloop
	endfacet
	facet normal 1 0 0
		outer loop
			vertex 0.006000000052154064 -0.00041520761442370713 -0.011519196443259716
			vertex 0.006000000052154064 -0.014000000432133675 -0.006000000052154064
			vertex 0.006000000052154064 -0.0012314834166318178 -0.011671784333884716
		endloop
	endfacet
	facet normal 1 0 0
		outer loop
			vertex 0.006000000052154064 0.014000000432133675 -0.006000000052154064
			vertex 0.006000000052154064 -0.014000000432133675 -0.006000000052154064
			vertex 0.006000000052154064 -0.00041520761442370713 -0.011519196443259716
		endloop
	endfacet
	facet normal 1 0 0
		outer loop
			vertex 0.006000000052154064 0.014000000432133675 -0.006000000052154064
			vertex 0.006000000052154064 0.0044233789667487144 -0.015173126943409443
			vertex 0.006000000052154064 0.0044999998062849045 -0.01600000075995922
		endloop
	endfacet
	facet normal 1 0 0
		outer loop
			vertex 0.006000000052154064 0.014000000432133675 -0.006000000052154064
			vertex 0.006000000052154064 0.004196125082671642 -0.014374412596225739
			vertex 0.006000000052154064 0.0044233789667487144 -0.015173126943409443
		endloop
	endfacet
	facet normal 1 0 0
		outer loop
			vertex 0.006000000052154064 0.014000000432133675 -0.006000000052154064
			vertex 0.006000000052154064 0.003825977211818099 -0.013631055131554604
			vertex 0.006000000052154064 0.004196125082671642 -0.014374412596225739
		endloop
	endfacet
	facet normal 1 0 0
		outer loop
			vertex 0.006000000052154064 0.014000000432133675 -0.006000000052154064
			vertex 0.006000000052154064 0.003325540106743574 -0.012968369759619236
			vertex 0.006000000052154064 0.003825977211818099 -0.013631055131554604
		endloop
	endfacet
	facet normal 1 0 0
		outer loop
			vertex 0.006000000052154064 0.014000000432133675 -0.006000000052154064
			vertex 0.006000000052154064 0.0027118558064103127 -0.012408922426402569
			vertex 0.006000000052154064 0.003325540106743574 -0.012968369759619236
		endloop
	endfacet
	facet normal 1 0 0
		outer loop
			vertex 0.006000000052154064 0.014000000432133675 -0.006000000052154064
			vertex 0.006000000052154064 0.002005822490900755 -0.011971765197813511
			vertex 0.006000000052154064 0.0027118558064103127 -0.012408922426402569
		endloop
	endfacet
	facet normal 1 0 0
		outer loop
			vertex 0.006000000052154064 0.014000000432133675 -0.006000000052154064
			vertex 0.006000000052154064 0.0012314834166318178 -0.011671784333884716
			vertex 0.006000000052154064 0.002005822490900755 -0.011971765197813511
		endloop
	endfacet
	facet normal 1 0 0
		outer loop
			vertex 0.006000000052154064 0.014000000432133675 -0.006000000052154064
			vertex 0.006000000052154064 0.00041520761442370713 -0.011519196443259716
			vertex 0.006000000052154064 0.0012314834166318178 -0.011671784333884716
		endloop
	endfacet
	facet normal 1 0 0
		outer loop
			vertex 0.006000000052154064 0.014000000432133675 -0.006000000052154064
			vertex 0.006000000052154064 -0.00041520761442370713 -0.011519196443259716
			vertex 0.006000000052154064 0.00041520761442370713 -0.011519196443259716
		endloop
	endfacet
	facet normal 1 0 0
		outer loop
			vertex 0.006000000052154064 0.014000000432133675 -0.006000000052154064
			vertex 0.006000000052154064 0.0044999998062849045 -0.01600000075995922
			vertex 0.006000000052154064 0.0044999998062849045 -0.027000000700354576
		endloop
	endfacet
	facet normal 1 0 0
		outer loop
			vertex 0.006000000052154064 0.014000000432133675 -0.006000000052154064
			vertex 0.006000000052154064 0.0044999998062849045 -0.027000000700354576
			vertex 0.006000000052154064 0.014000000432133675 -0.03999999910593033
		endloop
	endfacet
	facet normal 0 -0.9957342098497749 -0.09226799734926866
		outer loop
			vertex 0.006000000052154064 0.0044233789667487144 -0.015173126943409443
			vertex 0 0.0044233789667487144 -0.015173126943409443
			vertex 0 0.0044999998062849045 -0.01600000075995922
		endloop
	endfacet
	facet normal 0 -0.9957342098497749 -0.09226799734926866
		outer loop
			vertex 0.006000000052154064 0.0044233789667487144 -0.015173126943409443
			vertex 0 0.0044999998062849045 -0.01600000075995922
			vertex 0.006000000052154064 0.0044999998062849045 -0.01600000075995922
		endloop
	endfacet
	facet normal 0 -0.9618256244701505 -0.2736630558051363
		outer loop
			vertex 0.006000000052154064 0.004196125082671642 -0.014374412596225739
			vertex 0 0.004196125082671642 -0.014374412596225739
			vertex 0 0.0044233789667487144 -0.015173126943409443
		endloop
	endfacet
	facet normal 0 -0.9618256244701505 -0.2736630558051363
		outer loop
			vertex 0.006000000052154064 0.004196125082671642 -0.014374412596225739
			vertex 0 0.0044233789667487144 -0.015173126943409443
			vertex 0.006000000052154064 0.0044233789667487144 -0.015173126943409443
		endloop
	endfacet
	facet normal 0 -0.8951633706328458 -0.44573819656525115
		outer loop
			vertex 0.006000000052154064 0.003825977211818099 -0.013631055131554604
			vertex 0 0.003825977211818099 -0.013631055131554604
			vertex 0 0.004196125082671642 -0.014374412596225739
		endloop
	endfacet
	facet normal 0 -0.8951633706328458 -0.44573819656525115
		outer loop
			vertex 0.006000000052154064 0.003825977211818099 -0.013631055131554604
			vertex 0 0.004196125082671642 -0.014374412596225739
			vertex 0.006000000052154064 0.004196125082671642 -0.014374412596225739
		endloop
	endfacet
	facet normal 0 -0.7980170292579343 -0.6026348986030776
		outer loop
			vertex 0.006000000052154064 0.003325540106743574 -0.012968369759619236
			vertex 0 0.003325540106743574 -0.012968369759619236
			vertex 0 0.003825977211818099 -0.013631055131554604
		endloop
	endfacet
	facet normal 0 -0.7980170292579343 -0.6026348986030776
		outer loop
			vertex 0.006000000052154064 0.003325540106743574 -0.012968369759619236
			vertex 0 0.003825977211818099 -0.013631055131554604
			vertex 0.006000000052154064 0.003825977211818099 -0.013631055131554604
		endloop
	endfacet
	facet normal 0 -0.6736957577828918 -0.7390088131716259
		outer loop
			vertex 0.006000000052154064 0.0027118558064103127 -0.012408922426402569
			vertex 0 0.0027118558064103127 -0.012408922426402569
			vertex 0 0.003325540106743574 -0.012968369759619236
		endloop
	endfacet
	facet normal 0 -0.6736957577828918 -0.7390088131716259
		outer loop
			vertex 0.006000000052154064 0.0027118558064103127 -0.012408922426402569
			vertex 0 0.003325540106743574 -0.012968369759619236
			vertex 0.006000000052154064 0.003325540106743574 -0.012968369759619236
		endloop
	endfacet
	facet normal 0 -0.5264320824105688 -0.8502171855525342
		outer loop
			vertex 0.006000000052154064 0.002005822490900755 -0.011971765197813511
			vertex 0 0.002005822490900755 -0.011971765197813511
			vertex 0 0.0027118558064103127 -0.012408922426402569
		endloop
	endfacet
	facet normal 0 -0.5264320824105688 -0.8502171855525342
		outer loop
			vertex 0.006000000052154064 0.002005822490900755 -0.011971765197813511
			vertex 0 0.0027118558064103127 -0.012408922426402569
			vertex 0.006000000052154064 0.0027118558064103127 -0.012408922426402569
		endloop
	endfacet
	facet normal 0 -0.36124198911438227 -0.9324721043016164
		outer loop
			vertex 0.006000000052154064 0.0012314834166318178 -0.011671784333884716
			vertex 0 0.0012314834166318178 -0.011671784333884716
			vertex 0 0.002005822490900755 -0.011971765197813511
		endloop
	endfacet
	facet normal 0 -0.36124198911438227 -0.9324721043016164
		outer loop
			vertex 0.006000000052154064 0.0012314834166318178 -0.011671784333884716
			vertex 0 0.002005822490900755 -0.011971765197813511
			vertex 0.006000000052154064 0.002005822490900755 -0.011971765197813511
		endloop
	endfacet
	facet normal 0 -0.1837489339629308 -0.9829732088248828
		outer loop
			vertex 0.006000000052154064 0.00041520761442370713 -0.011519196443259716
			vertex 0 0.00041520761442370713 -0.011519196443259716
			vertex 0 0.0012314834166318178 -0.011671784333884716
		endloop
	endfacet
	facet normal 0 -0.1837489339629308 -0.9829732088248828
		outer loop
			vertex 0.006000000052154064 0.00041520761442370713 -0.011519196443259716
			vertex 0 0.0012314834166318178 -0.011671784333884716
			vertex 0.006000000052154064 0.0012314834166318178 -0.011671784333884716
		endloop
	endfacet
	facet normal 0 0 -1
		outer loop
			vertex 0.006000000052154064 -0.00041520761442370713 -0.011519196443259716
			vertex 0 -0.00041520761442370713 -0.011519196443259716
			vertex 0 0.00041520761442370713 -0.011519196443259716
		endloop
	endfacet
	facet normal 0 0 -1
		outer loop
			vertex 0.006000000052154064 -0.00041520761442370713 -0.011519196443259716
			vertex 0 0.00041520761442370713 -0.011519196443259716
			vertex 0.006000000052154064 0.00041520761442370713 -0.011519196443259716
		endloop
	endfacet
	facet normal 0 0.1837489339629308 -0.9829732088248828
		outer loop
			vertex 0.006000000052154064 -0.0012314834166318178 -0.011671784333884716
			vertex 0 -0.0012314834166318178 -0.011671784333884716
			vertex 0 -0.00041520761442370713 -0.011519196443259716
		endloop
	endfacet
	facet normal 0 0.1837489339629308 -0.9829732088248828
		outer loop
			vertex 0.006000000052154064 -0.0012314834166318178 -0.011671784333884716
			vertex 0 -0.00041520761442370713 -0.011519196443259716
			vertex 0.006000000052154064 -0.00041520761442370713 -0.011519196443259716
		endloop
	endfacet
	facet normal 0 0.36124198911438227 -0.9324721043016164
		outer loop
			vertex 0.006000000052154064 -0.002005822490900755 -0.011971765197813511
			vertex 0 -0.002005822490900755 -0.011971765197813511
			vertex 0 -0.0012314834166318178 -0.011671784333884716
		endloop
	endfacet
	facet normal 0 0.36124198911438227 -0.9324721043016164
		outer loop
			vertex 0.006000000052154064 -0.002005822490900755 -0.011971765197813511
			vertex 0 -0.0012314834166318178 -0.011671784333884716
			vertex 0.006000000052154064 -0.0012314834166318178 -0.011671784333884716
		endloop
	endfacet
	facet normal 0 0.5264320824105688 -0.8502171855525342
		outer loop
			vertex 0.006000000052154064 -0.0027118558064103127 -0.012408922426402569
			vertex 0 -0.0027118558064103127 -0.012408922426402569
			vertex 0 -0.002005822490900755 -0.011971765197813511
		endloop
	endfacet
	facet normal 0 0.5264320824105688 -0.8502171855525342
		outer loop
			vertex 0.006000000052154064 -0.0027118558064103127 -0.012408922426402569
			vertex 0 -0.002005822490900755 -0.011971765197813511
			vertex 0.006000000052154064 -0.002005822490900755 -0.011971765197813511
		endloop
	endfacet
	facet normal 0 0.6736957577828918 -0.7390088131716259
		outer loop
			vertex 0.006000000052154064 -0.003325540106743574 -0.012968369759619236
			vertex 0 -0.003325540106743574 -0.012968369759619236
			vertex 0 -0.0027118558064103127 -0.012408922426402569
		endloop
	endfacet
	facet normal 0 0.6736957577828918 -0.7390088131716259
		outer loop
			vertex 0.006000000052154064 -0.003325540106743574 -0.012968369759619236
			vertex 0 -0.0027118558064103127 -0.012408922426402569
			vertex 0.006000000052154064 -0.0027118558064103127 -0.012408922426402569
		endloop
	endfacet
	facet normal 0 0.7980170292579343 -0.6026348986030776
		outer loop
			vertex 0.006000000052154064 -0.003825977211818099 -0.013631055131554604
			vertex 0 -0.003825977211818099 -0.013631055131554604
			vertex 0 -0.003325540106743574 -0.012968369759619236
		endloop
	endfacet
	facet normal 0 0.7980170292579343 -0.6026348986030776
		outer loop
			vertex 0.006000000052154064 -0.003825977211818099 -0.013631055131554604
			vertex 0 -0.003325540106743574 -0.012968369759619236
			vertex 0.006000000052154064 -0.003325540106743574 -0.012968369759619236
		endloop
	endfacet
	facet normal 0 0.8951633706328458 -0.44573819656525115
		outer loop
			vertex 0.006000000052154064 -0.004196125082671642 -0.014374412596225739
			vertex 0 -0.004196125082671642 -0.014374412596225739
			vertex 0 -0.003825977211818099 -0.013631055131554604
		endloop
	endfacet
	facet normal 0 0.8951633706328458 -0.44573819656525115
		outer loop
			vertex 0.006000000052154064 -0.004196125082671642 -0.014374412596225739
			vertex 0 -0.003825977211818099 -0.013631055131554604
			vertex 0.006000000052154064 -0.003825977211818099 -0.013631055131554604
		endloop
	endfacet
	facet normal 0 0.9618256244701505 -0.2736630558051363
		outer loop
			vertex 0.006000000052154064 -0.0044233789667487144 -0.015173126943409443
			vertex 0 -0.004196125082671642 -0.014374412596225739
			vertex 0.006000000052154064 -0.004196125082671642 -0.014374412596225739
		endloop
	endfacet
	facet normal 0 0.9618256244701505 -0.2736630558051363
		outer loop
			vertex 0.006000000052154064 -0.0044233789667487144 -0.015173126943409443
			vertex 0 -0.0044233789667487144 -0.015173126943409443
			vertex 0 -0.004196125082671642 -0.014374412596225739
		endloop
	endfacet
	facet normal 0 0.9957342098497749 -0.09226799734926866
		outer loop
			vertex 0.006000000052154064 -0.0044999998062849045 -0.01600000075995922
			vertex 0 -0.0044233789667487144 -0.015173126943409443
			vertex 0.006000000052154064 -0.0044233789667487144 -0.015173126943409443
		endloop
	endfacet
	facet normal 0 0.9957342098497749 -0.09226799734926866
		outer loop
			vertex 0.006000000052154064 -0.0044999998062849045 -0.01600000075995922
			vertex 0 -0.0044999998062849045 -0.01600000075995922
			vertex 0 -0.0044233789667487144 -0.015173126943409443
		endloop
	endfacet
	facet normal 0 1 0
		outer loop
			vertex 0.006000000052154064 -0.0044999998062849045 -0.027000000700354576
			vertex 0 -0.0044999998062849045 -0.027000000700354576
			vertex 0 -0.0044999998062849045 -0.01600000075995922
		endloop
	endfacet
	facet normal 0 1 0
		outer loop
			vertex 0.006000000052154064 -0.0044999998062849045 -0.027000000700354576
			vertex 0 -0.0044999998062849045 -0.01600000075995922
			vertex 0.006000000052154064 -0.0044999998062849045 -0.01600000075995922
		endloop
	endfacet
	facet normal 0 0.9957342003018885 0.09226810038772028
		outer loop
			vertex 0.006000000052154064 -0.0044233789667487144 -0.02782687358558178
			vertex 0 -0.0044233789667487144 -0.02782687358558178
			vertex 0 -0.0044999998062849045 -0.027000000700354576
		endloop
	endfacet
	facet normal 0 0.9957342003018885 0.09226810038772028
		outer loop
			vertex 0.006000000052154064 -0.0044233789667487144 -0.02782687358558178
			vertex 0 -0.0044999998062849045 -0.027000000700354576
			vertex 0.006000000052154064 -0.0044999998062849045 -0.027000000700354576
		endloop
	endfacet
	facet normal 0 0.9618255404781288 0.2736633510062233
		outer loop
			vertex 0.006000000052154064 -0.004196125082671642 -0.02862558700144291
			vertex 0 -0.004196125082671642 -0.02862558700144291
			vertex 0 -0.0044233789667487144 -0.02782687358558178
		endloop
	endfacet
	facet normal 0 0.9618255404781288 0.2736633510062233
		outer loop
			vertex 0.006000000052154064 -0.004196125082671642 -0.02862558700144291
			vertex 0 -0.0044233789667487144 -0.02782687358558178
			vertex 0.006000000052154064 -0.0044233789667487144 -0.02782687358558178
		endloop
	endfacet
	facet normal 0 0.8951633706328458 0.44573819656525115
		outer loop
			vertex 0.006000000052154064 -0.003825977211818099 -0.029368944466114044
			vertex 0 -0.003825977211818099 -0.029368944466114044
			vertex 0 -0.004196125082671642 -0.02862558700144291
		endloop
	endfacet
	facet normal 0 0.8951633706328458 0.44573819656525115
		outer loop
			vertex 0.006000000052154064 -0.003825977211818099 -0.029368944466114044
			vertex 0 -0.004196125082671642 -0.02862558700144291
			vertex 0.006000000052154064 -0.004196125082671642 -0.02862558700144291
		endloop
	endfacet
	facet normal 0 0.7980174365564974 0.6026343592526041
		outer loop
			vertex 0.006000000052154064 -0.003325540106743574 -0.030031630769371986
			vertex 0 -0.003325540106743574 -0.030031630769371986
			vertex 0 -0.003825977211818099 -0.029368944466114044
		endloop
	endfacet
	facet normal 0 0.7980174365564974 0.6026343592526041
		outer loop
			vertex 0.006000000052154064 -0.003325540106743574 -0.030031630769371986
			vertex 0 -0.003825977211818099 -0.029368944466114044
			vertex 0.006000000052154064 -0.003825977211818099 -0.029368944466114044
		endloop
	endfacet
	facet normal 0 0.6736957577828918 0.7390088131716259
		outer loop
			vertex 0.006000000052154064 -0.0027118558064103127 -0.030591078102588654
			vertex 0 -0.0027118558064103127 -0.030591078102588654
			vertex 0 -0.003325540106743574 -0.030031630769371986
		endloop
	endfacet
	facet normal 0 0.6736957577828918 0.7390088131716259
		outer loop
			vertex 0.006000000052154064 -0.0027118558064103127 -0.030591078102588654
			vertex 0 -0.003325540106743574 -0.030031630769371986
			vertex 0.006000000052154064 -0.003325540106743574 -0.030031630769371986
		endloop
	endfacet
	facet normal 0 0.5264320824105688 0.8502171855525342
		outer loop
			vertex 0.006000000052154064 -0.002005822490900755 -0.03102823533117771
			vertex 0 -0.002005822490900755 -0.03102823533117771
			vertex 0 -0.0027118558064103127 -0.030591078102588654
		endloop
	endfacet
	facet normal 0 0.5264320824105688 0.8502171855525342
		outer loop
			vertex 0.006000000052154064 -0.002005822490900755 -0.03102823533117771
			vertex 0 -0.0027118558064103127 -0.030591078102588654
			vertex 0.006000000052154064 -0.0027118558064103127 -0.030591078102588654
		endloop
	endfacet
	facet normal 0 0.36124198911438227 0.9324721043016164
		outer loop
			vertex 0.006000000052154064 -0.0012314834166318178 -0.031328216195106506
			vertex 0 -0.0012314834166318178 -0.031328216195106506
			vertex 0 -0.002005822490900755 -0.03102823533117771
		endloop
	endfacet
	facet normal 0 0.36124198911438227 0.9324721043016164
		outer loop
			vertex 0.006000000052154064 -0.0012314834166318178 -0.031328216195106506
			vertex 0 -0.002005822490900755 -0.03102823533117771
			vertex 0.006000000052154064 -0.002005822490900755 -0.03102823533117771
		endloop
	endfacet
	facet normal 0 0.1837489339629308 0.9829732088248828
		outer loop
			vertex 0.006000000052154064 -0.00041520761442370713 -0.031480804085731506
			vertex 0 -0.00041520761442370713 -0.031480804085731506
			vertex 0 -0.0012314834166318178 -0.031328216195106506
		endloop
	endfacet
	facet normal 0 0.1837489339629308 0.9829732088248828
		outer loop
			vertex 0.006000000052154064 -0.00041520761442370713 -0.031480804085731506
			vertex 0 -0.0012314834166318178 -0.031328216195106506
			vertex 0.006000000052154064 -0.0012314834166318178 -0.031328216195106506
		endloop
	endfacet
	facet normal 0 0 1
		outer loop
			vertex 0.006000000052154064 0.00041520761442370713 -0.031480804085731506
			vertex 0 0.00041520761442370713 -0.031480804085731506
			vertex 0 -0.00041520761442370713 -0.031480804085731506
		endloop
	endfacet
	facet normal 0 0 1
		outer loop
			vertex 0.006000000052154064 0.00041520761442370713 -0.031480804085731506
			vertex 0 -0.00041520761442370713 -0.031480804085731506
			vertex 0.006000000052154064 -0.00041520761442370713 -0.031480804085731506
		endloop
	endfacet
	facet normal 0 -0.1837489339629308 0.9829732088248828
		outer loop
			vertex 0.006000000052154064 0.0012314834166318178 -0.031328216195106506
			vertex 0 0.0012314834166318178 -0.031328216195106506
			vertex 0 0.00041520761442370713 -0.031480804085731506
		endloop
	endfacet
	facet normal 0 -0.1837489339629308 0.9829732088248828
		outer loop
			vertex 0.006000000052154064 0.0012314834166318178 -0.031328216195106506
			vertex 0 0.00041520761442370713 -0.031480804085731506
			vertex 0.006000000052154064 0.00041520761442370713 -0.031480804085731506
		endloop
	endfacet
	facet normal 0 -0.36124198911438227 0.9324721043016164
		outer loop
			vertex 0.006000000052154064 0.002005822490900755 -0.03102823533117771
			vertex 0 0.002005822490900755 -0.03102823533117771
			vertex 0 0.0012314834166318178 -0.031328216195106506
		endloop
	endfacet
	facet normal 0 -0.36124198911438227 0.9324721043016164
		outer loop
			vertex 0.006000000052154064 0.002005822490900755 -0.03102823533117771
			vertex 0 0.0012314834166318178 -0.031328216195106506
			vertex 0.006000000052154064 0.0012314834166318178 -0.031328216195106506
		endloop
	endfacet
	facet normal 0 -0.5264320824105688 0.8502171855525342
		outer loop
			vertex 0.006000000052154064 0.0027118558064103127 -0.030591078102588654
			vertex 0 0.0027118558064103127 -0.030591078102588654
			vertex 0 0.002005822490900755 -0.03102823533117771
		endloop
	endfacet
	facet normal 0 -0.5264320824105688 0.8502171855525342
		outer loop
			vertex 0.006000000052154064 0.0027118558064103127 -0.030591078102588654
			vertex 0 0.002005822490900755 -0.03102823533117771
			vertex 0.006000000052154064 0.002005822490900755 -0.03102823533117771
		endloop
	endfacet
	facet normal 0 -0.6736957577828918 0.7390088131716259
		outer loop
			vertex 0.006000000052154064 0.003325540106743574 -0.030031630769371986
			vertex 0 0.003325540106743574 -0.030031630769371986
			vertex 0 0.0027118558064103127 -0.030591078102588654
		endloop
	endfacet
	facet normal 0 -0.6736957577828918 0.7390088131716259
		outer loop
			vertex 0.006000000052154064 0.003325540106743574 -0.030031630769371986
			vertex 0 0.0027118558064103127 -0.030591078102588654
			vertex 0.006000000052154064 0.0027118558064103127 -0.030591078102588654
		endloop
	endfacet
	facet normal 0 -0.7980174365564974 0.6026343592526041
		outer loop
			vertex 0.006000000052154064 0.003825977211818099 -0.029368944466114044
			vertex 0 0.003825977211818099 -0.029368944466114044
			vertex 0 0.003325540106743574 -0.030031630769371986
		endloop
	endfacet
	facet normal 0 -0.7980174365564974 0.6026343592526041
		outer loop
			vertex 0.006000000052154064 0.003825977211818099 -0.029368944466114044
			vertex 0 0.003325540106743574 -0.030031630769371986
			vertex 0.006000000052154064 0.003325540106743574 -0.030031630769371986
		endloop
	endfacet
	facet normal 0 -0.8951633706328458 0.44573819656525115
		outer loop
			vertex 0.006000000052154064 0.004196125082671642 -0.02862558700144291
			vertex 0 0.004196125082671642 -0.02862558700144291
			vertex 0 0.003825977211818099 -0.029368944466114044
		endloop
	endfacet
	facet normal 0 -0.8951633706328458 0.44573819656525115
		outer loop
			vertex 0.006000000052154064 0.004196125082671642 -0.02862558700144291
			vertex 0 0.003825977211818099 -0.029368944466114044
			vertex 0.006000000052154064 0.003825977211818099 -0.029368944466114044
		endloop
	endfacet
	facet normal 0 -0.9618255404781288 0.2736633510062233
		outer loop
			vertex 0.006000000052154064 0.0044233789667487144 -0.02782687358558178
			vertex 0 0.004196125082671642 -0.02862558700144291
			vertex 0.006000000052154064 0.004196125082671642 -0.02862558700144291
		endloop
	endfacet
	facet normal 0 -0.9618255404781288 0.2736633510062233
		outer loop
			vertex 0.006000000052154064 0.0044233789667487144 -0.02782687358558178
			vertex 0 0.0044233789667487144 -0.02782687358558178
			vertex 0 0.004196125082671642 -0.02862558700144291
		endloop
	endfacet
	facet normal 0 -0.9957342003018885 0.09226810038772028
		outer loop
			vertex 0.006000000052154064 0.0044999998062849045 -0.027000000700354576
			vertex 0 0.0044233789667487144 -0.02782687358558178
			vertex 0.006000000052154064 0.0044233789667487144 -0.02782687358558178
		endloop
	endfacet
	facet normal 0 -0.9957342003018885 0.09226810038772028
		outer loop
			vertex 0.006000000052154064 0.0044999998062849045 -0.027000000700354576
			vertex 0 0.0044999998062849045 -0.027000000700354576
			vertex 0 0.0044233789667487144 -0.02782687358558178
		endloop
	endfacet
	facet normal 0 -1 0
		outer loop
			vertex 0.006000000052154064 0.0044999998062849045 -0.01600000075995922
			vertex 0 0.0044999998062849045 -0.01600000075995922
			vertex 0 0.0044999998062849045 -0.027000000700354576
		endloop
	endfacet
	facet normal 0 -1 0
		outer loop
			vertex 0.006000000052154064 0.0044999998062849045 -0.01600000075995922
			vertex 0 0.0044999998062849045 -0.027000000700354576
			vertex 0.006000000052154064 0.0044999998062849045 -0.027000000700354576
		endloop
	endfacet
	facet normal 0.09226799734926866 0.9957342098497749 0
		outer loop
			vertex 0.015173126943409443 -0.0044233789667487144 -0.006000000052154064
			vertex 0.015173126943409443 -0.0044233789667487144 0
			vertex 0.01600000075995922 -0.0044999998062849045 0
		endloop
	endfacet
	facet normal 0.09226799734926866 0.9957342098497749 0
		outer loop
			vertex 0.015173126943409443 -0.0044233789667487144 -0.006000000052154064
			vertex 0.01600000075995922 -0.0044999998062849045 0
			vertex 0.01600000075995922 -0.0044999998062849045 -0.006000000052154064
		endloop
	endfacet
	facet normal 0.2736630558051363 0.9618256244701505 0
		outer loop
			vertex 0.014374412596225739 -0.004196125082671642 -0.006000000052154064
			vertex 0.014374412596225739 -0.004196125082671642 0
			vertex 0.015173126943409443 -0.0044233789667487144 0
		endloop
	endfacet
	facet normal 0.2736630558051363 0.9618256244701505 0
		outer loop
			vertex 0.014374412596225739 -0.004196125082671642 -0.006000000052154064
			vertex 0.015173126943409443 -0.0044233789667487144 0
			vertex 0.015173126943409443 -0.0044233789667487144 -0.006000000052154064
		endloop
	endfacet
	facet normal 0.44573819656525115 0.8951633706328458 0
		outer loop
			vertex 0.013631055131554604 -0.003825977211818099 -0.006000000052154064
			vertex 0.013631055131554604 -0.003825977211818099 0
			vertex 0.014374412596225739 -0.004196125082671642 0
		endloop
	endfacet
	facet normal 0.44573819656525115 0.8951633706328458 0
		outer loop
			vertex 0.013631055131554604 -0.003825977211818099 -0.006000000052154064
			vertex 0.014374412596225739 -0.004196125082671642 0
			vertex 0.014374412596225739 -0.004196125082671642 -0.006000000052154064
		endloop
	endfacet
	facet normal 0.6026348986030776 0.7980170292579343 0
		outer loop
			vertex 0.012968369759619236 -0.003325540106743574 -0.006000000052154064
			vertex 0.012968369759619236 -0.003325540106743574 0
			vertex 0.013631055131554604 -0.003825977211818099 0
		endloop
	endfacet
	facet normal 0.6026348986030776 0.7980170292579343 0
		outer loop
			vertex 0.012968369759619236 -0.003325540106743574 -0.006000000052154064
			vertex 0.013631055131554604 -0.003825977211818099 0
			vertex 0.013631055131554604 -0.003825977211818099 -0.006000000052154064
		endloop
	endfacet
	facet normal 0.7390088131716259 0.6736957577828918 0
		outer loop
			vertex 0.012408922426402569 -0.0027118558064103127 -0.006000000052154064
			vertex 0.012408922426402569 -0.0027118558064103127 0
			vertex 0.012968369759619236 -0.003325540106743574 0
		endloop
	endfacet
	facet normal 0.7390088131716259 0.6736957577828918 0
		outer loop
			vertex 0.012408922426402569 -0.0027118558064103127 -0.006000000052154064
			vertex 0.012968369759619236 -0.003325540106743574 0
			vertex 0.012968369759619236 -0.003325540106743574 -0.006000000052154064
		endloop
	endfacet
	facet normal 0.8502171855525342 0.5264320824105688 0
		outer loop
			vertex 0.011971765197813511 -0.002005822490900755 -0.006000000052154064
			vertex 0.011971765197813511 -0.002005822490900755 0
			vertex 0.012408922426402569 -0.0027118558064103127 0
		endloop
	endfacet
	facet normal 0.8502171855525342 0.5264320824105688 0
		outer loop
			vertex 0.011971765197813511 -0.002005822490900755 -0.006000000052154064
			vertex 0.012408922426402569 -0.0027118558064103127 0
			vertex 0.012408922426402569 -0.0027118558064103127 -0.006000000052154064
		endloop
	endfacet
	facet normal 0.9324721043016164 0.36124198911438227 0
		outer loop
			vertex 0.011671784333884716 -0.0012314834166318178 -0.006000000052154064
			vertex 0.011671784333884716 -0.0012314834166318178 0
			vertex 0.011971765197813511 -0.002005822490900755 0
		endloop
	endfacet
	facet normal 0.9324721043016164 0.36124198911438227 0
		outer loop
			vertex 0.011671784333884716 -0.0012314834166318178 -0.006000000052154064
			vertex 0.011971765197813511 -0.002005822490900755 0
			vertex 0.011971765197813511 -0.002005822490900755 -0.006000000052154064
		endloop
	endfacet
	facet normal 0.9829732088248828 0.1837489339629308 0
		outer loop
			vertex 0.011519196443259716 -0.00041520761442370713 -0.006000000052154064
			vertex 0.011519196443259716 -0.00041520761442370713 0
			vertex 0.011671784333884716 -0.0012314834166318178 0
		endloop
	endfacet
	facet normal 0.9829732088248828 0.1837489339629308 0
		outer loop
			vertex 0.011519196443259716 -0.00041520761442370713 -0.006000000052154064
			vertex 0.011671784333884716 -0.0012314834166318178 0
			vertex 0.011671784333884716 -0.0012314834166318178 -0.006000000052154064
		endloop
	endfacet
	facet normal 1 0 0
		outer loop
			vertex 0.011519196443259716 0.00041520761442370713 -0.006000000052154064
			vertex 0.011519196443259716 0.00041520761442370713 0
			vertex 0.011519196443259716 -0.00041520761442370713 0
		endloop
	endfacet
	facet normal 1 0 0
		outer loop
			vertex 0.011519196443259716 0.00041520761442370713 -0.006000000052154064
			vertex 0.011519196443259716 -0.00041520761442370713 0
			vertex 0.011519196443259716 -0.00041520761442370713 -0.006000000052154064
		endloop
	endfacet
	facet normal 0.9829732088248828 -0.1837489339629308 0
		outer loop
			vertex 0.011671784333884716 0.0012314834166318178 -0.006000000052154064
			vertex 0.011671784333884716 0.0012314834166318178 0
			vertex 0.011519196443259716 0.00041520761442370713 0
		endloop
	endfacet
	facet normal 0.9829732088248828 -0.1837489339629308 0
		outer loop
			vertex 0.011671784333884716 0.0012314834166318178 -0.006000000052154064
			vertex 0.011519196443259716 0.00041520761442370713 0
			vertex 0.011519196443259716 0.00041520761442370713 -0.006000000052154064
		endloop
	endfacet
	facet normal 0.9324721043016164 -0.36124198911438227 0
		outer loop
			vertex 0.011971765197813511 0.002005822490900755 -0.006000000052154064
			vertex 0.011971765197813511 0.002005822490900755 0
			vertex 0.011671784333884716 0.0012314834166318178 0
		endloop
	endfacet
	facet normal 0.9324721043016164 -0.36124198911438227 0
		outer loop
			vertex 0.011971765197813511 0.002005822490900755 -0.006000000052154064
			vertex 0.011671784333884716 0.0012314834166318178 0
			vertex 0.011671784333884716 0.0012314834166318178 -0.006000000052154064
		endloop
	endfacet
	facet normal 0.8502171855525342 -0.5264320824105688 0
		outer loop
			vertex 0.012408922426402569 0.0027118558064103127 -0.006000000052154064
			vertex 0.012408922426402569 0.0027118558064103127 0
			vertex 0.011971765197813511 0.002005822490900755 0
		endloop
	endfacet
	facet normal 0.8502171855525342 -0.5264320824105688 0
		outer loop
			vertex 0.012408922426402569 0.0027118558064103127 -0.006000000052154064
			vertex 0.011971765197813511 0.002005822490900755 0
			vertex 0.011971765197813511 0.002005822490900755 -0.006000000052154064
		endloop
	endfacet
	facet normal 0.7390088131716259 -0.6736957577828918 0
		outer loop
			vertex 0.012968369759619236 0.003325540106743574 -0.006000000052154064
			vertex 0.012968369759619236 0.003325540106743574 0
			vertex 0.012408922426402569 0.0027118558064103127 0
		endloop
	endfacet
	facet normal 0.7390088131716259 -0.6736957577828918 0
		outer loop
			vertex 0.012968369759619236 0.003325540106743574 -0.006000000052154064
			vertex 0.012408922426402569 0.0027118558064103127 0
			vertex 0.012408922426402569 0.0027118558064103127 -0.006000000052154064
		endloop
	endfacet
	facet normal 0.6026348986030776 -0.7980170292579343 0
		outer loop
			vertex 0.013631055131554604 0.003825977211818099 -0.006000000052154064
			vertex 0.013631055131554604 0.003825977211818099 0
			vertex 0.012968369759619236 0.003325540106743574 0
		endloop
	endfacet
	facet normal 0.6026348986030776 -0.7980170292579343 0
		outer loop
			vertex 0.013631055131554604 0.003825977211818099 -0.006000000052154064
			vertex 0.012968369759619236 0.003325540106743574 0
			vertex 0.012968369759619236 0.003325540106743574 -0.006000000052154064
		endloop
	endfacet
	facet normal 0.44573819656525115 -0.8951633706328458 0
		outer loop
			vertex 0.014374412596225739 0.004196125082671642 -0.006000000052154064
			vertex 0.014374412596225739 0.004196125082671642 0
			vertex 0.013631055131554604 0.003825977211818099 0
		endloop
	endfacet
	facet normal 0.44573819656525115 -0.8951633706328458 0
		outer loop
			vertex 0.014374412596225739 0.004196125082671642 -0.006000000052154064
			vertex 0.013631055131554604 0.003825977211818099 0
			vertex 0.013631055131554604 0.003825977211818099 -0.006000000052154064
		endloop
	endfacet
	facet normal 0.2736630558051363 -0.9618256244701505 0
		outer loop
			vertex 0.015173126943409443 0.0044233789667487144 -0.006000000052154064
			vertex 0.014374412596225739 0.004196125082671642 0
			vertex 0.014374412596225739 0.004196125082671642 -0.006000000052154064
		endloop
	endfacet
	facet normal 0.2736630558051363 -0.9618256244701505 0
		outer loop
			vertex 0.015173126943409443 0.0044233789667487144 -0.006000000052154064
			vertex 0.015173126943409443 0.0044233789667487144 0
			vertex 0.014374412596225739 0.004196125082671642 0
		endloop
	endfacet
	facet normal 0.09226799734926866 -0.9957342098497749 0
		outer loop
			vertex 0.01600000075995922 0.0044999998062849045 -0.006000000052154064
			vertex 0.015173126943409443 0.0044233789667487144 0
			vertex 0.015173126943409443 0.0044233789667487144 -0.006000000052154064
		endloop
	endfacet
	facet normal 0.09226799734926866 -0.9957342098497749 0
		outer loop
			vertex 0.01600000075995922 0.0044999998062849045 -0.006000000052154064
			vertex 0.01600000075995922 0.0044999998062849045 0
			vertex 0.015173126943409443 0.0044233789667487144 0
		endloop
	endfacet
	facet normal 0 -1 0
		outer loop
			vertex 0.027000000700354576 0.0044999998062849045 -0.006000000052154064
			vertex 0.027000000700354576 0.0044999998062849045 0
			vertex 0.01600000075995922 0.0044999998062849045 0
		endloop
	endfacet
	facet normal 0 -1 0
		outer loop
			vertex 0.027000000700354576 0.0044999998062849045 -0.006000000052154064
			vertex 0.01600000075995922 0.0044999998062849045 0
			vertex 0.01600000075995922 0.0044999998062849045 -0.006000000052154064
		endloop
	endfacet
	facet normal -0.09226810038772028 -0.9957342003018885 0
		outer loop
			vertex 0.02782687358558178 0.0044233789667487144 -0.006000000052154064
			vertex 0.02782687358558178 0.0044233789667487144 0
			vertex 0.027000000700354576 0.0044999998062849045 0
		endloop
	endfacet
	facet normal -0.09226810038772028 -0.9957342003018885 0
		outer loop
			vertex 0.02782687358558178 0.0044233789667487144 -0.006000000052154064
			vertex 0.027000000700354576 0.0044999998062849045 0
			vertex 0.027000000700354576 0.0044999998062849045 -0.006000000052154064
		endloop
	endfacet
	facet normal -0.2736633510062233 -0.9618255404781288 0
		outer loop
			vertex 0.02862558700144291 0.004196125082671642 -0.006000000052154064
			vertex 0.02862558700144291 0.004196125082671642 0
			vertex 0.02782687358558178 0.0044233789667487144 0
		endloop
	endfacet
	facet normal -0.2736633510062233 -0.9618255404781288 0
		outer loop
			vertex 0.02862558700144291 0.004196125082671642 -0.006000000052154064
			vertex 0.02782687358558178 0.0044233789667487144 0
			vertex 0.02782687358558178 0.0044233789667487144 -0.006000000052154064
		endloop
	endfacet
	facet normal -0.44573819656525115 -0.8951633706328458 0
		outer loop
			vertex 0.029368944466114044 0.003825977211818099 -0.006000000052154064
			vertex 0.029368944466114044 0.003825977211818099 0
			vertex 0.02862558700144291 0.004196125082671642 0
		endloop
	endfacet
	facet normal -0.44573819656525115 -0.8951633706328458 0
		outer loop
			vertex 0.029368944466114044 0.003825977211818099 -0.006000000052154064
			vertex 0.02862558700144291 0.004196125082671642 0
			vertex 0.02862558700144291 0.004196125082671642 -0.006000000052154064
		endloop
	endfacet
	facet normal -0.6026343592526041 -0.7980174365564974 0
		outer loop
			vertex 0.030031630769371986 0.003325540106743574 -0.006000000052154064
			vertex 0.030031630769371986 0.003325540106743574 0
			vertex 0.029368944466114044 0.003825977211818099 0
		endloop
	endfacet
	facet normal -0.6026343592526041 -0.7980174365564974 0
		outer loop
			vertex 0.030031630769371986 0.003325540106743574 -0.006000000052154064
			vertex 0.029368944466114044 0.003825977211818099 0
			vertex 0.029368944466114044 0.003825977211818099 -0.006000000052154064
		endloop
	endfacet
	facet normal -0.7390088131716259 -0.6736957577828918 0
		outer loop
			vertex 0.030591078102588654 0.0027118558064103127 -0.006000000052154064
			vertex 0.030591078102588654 0.0027118558064103127 0
			vertex 0.030031630769371986 0.003325540106743574 0
		endloop
	endfacet
	facet normal -0.7390088131716259 -0.6736957577828918 0
		outer loop
			vertex 0.030591078102588654 0.0027118558064103127 -0.006000000052154064
			vertex 0.030031630769371986 0.003325540106743574 0
			vertex 0.030031630769371986 0.003325540106743574 -0.006000000052154064
		endloop
	endfacet
	facet normal -0.8502171855525342 -0.5264320824105688 0
		outer loop
			vertex 0.03102823533117771 0.002005822490900755 -0.006000000052154064
			vertex 0.03102823533117771 0.002005822490900755 0
			vertex 0.030591078102588654 0.0027118558064103127 0
		endloop
	endfacet
	facet normal -0.8502171855525342 -0.5264320824105688 0
		outer loop
			vertex 0.03102823533117771 0.002005822490900755 -0.006000000052154064
			vertex 0.030591078102588654 0.0027118558064103127 0
			vertex 0.030591078102588654 0.0027118558064103127 -0.006000000052154064
		endloop
	endfacet
	facet normal -0.9324721043016164 -0.36124198911438227 0
		outer loop
			vertex 0.031328216195106506 0.0012314834166318178 -0.006000000052154064
			vertex 0.031328216195106506 0.0012314834166318178 0
			vertex 0.03102823533117771 0.002005822490900755 0
		endloop
	endfacet
	facet normal -0.9324721043016164 -0.36124198911438227 0
		outer loop
			vertex 0.031328216195106506 0.0012314834166318178 -0.006000000052154064
			vertex 0.03102823533117771 0.002005822490900755 0
			vertex 0.03102823533117771 0.002005822490900755 -0.006000000052154064
		endloop
	endfacet
	facet normal -0.9829732088248828 -0.1837489339629308 0
		outer loop
			vertex 0.031480804085731506 0.00041520761442370713 -0.006000000052154064
			vertex 0.031480804085731506 0.00041520761442370713 0
			vertex 0.031328216195106506 0.0012314834166318178 0
		endloop
	endfacet
	facet normal -0.9829732088248828 -0.1837489339629308 0
		outer loop
			vertex 0.031480804085731506 0.00041520761442370713 -0.006000000052154064
			vertex 0.031328216195106506 0.0012314834166318178 0
			vertex 0.031328216195106506 0.0012314834166318178 -0.006000000052154064
		endloop
	endfacet
	facet normal -1 0 0
		outer loop
			vertex 0.031480804085731506 -0.00041520761442370713 -0.006000000052154064
			vertex 0.031480804085731506 -0.00041520761442370713 0
			vertex 0.031480804085731506 0.00041520761442370713 0
		endloop
	endfacet
	facet normal -1 0 0
		outer loop
			vertex 0.031480804085731506 -0.00041520761442370713 -0.006000000052154064
			vertex 0.031480804085731506 0.00041520761442370713 0
			vertex 0.031480804085731506 0.00041520761442370713 -0.006000000052154064
		endloop
	endfacet
	facet normal -0.9829732088248828 0.1837489339629308 0
		outer loop
			vertex 0.031328216195106506 -0.0012314834166318178 -0.006000000052154064
			vertex 0.031328216195106506 -0.0012314834166318178 0
			vertex 0.031480804085731506 -0.00041520761442370713 0
		endloop
	endfacet
	facet normal -0.9829732088248828 0.1837489339629308 0
		outer loop
			vertex 0.031328216195106506 -0.0012314834166318178 -0.006000000052154064
			vertex 0.031480804085731506 -0.00041520761442370713 0
			vertex 0.031480804085731506 -0.00041520761442370713 -0.006000000052154064
		endloop
	endfacet
	facet normal -0.9324721043016164 0.36124198911438227 0
		outer loop
			vertex 0.03102823533117771 -0.002005822490900755 -0.006000000052154064
			vertex 0.03102823533117771 -0.002005822490900755 0
			vertex 0.031328216195106506 -0.0012314834166318178 0
		endloop
	endfacet
	facet normal -0.9324721043016164 0.36124198911438227 0
		outer loop
			vertex 0.03102823533117771 -0.002005822490900755 -0.006000000052154064
			vertex 0.031328216195106506 -0.0012314834166318178 0
			vertex 0.031328216195106506 -0.0012314834166318178 -0.006000000052154064
		endloop
	endfacet
	facet normal -0.8502171855525342 0.5264320824105688 0
		outer loop
			vertex 0.030591078102588654 -0.0027118558064103127 -0.006000000052154064
			vertex 0.030591078102588654 -0.0027118558064103127 0
			vertex 0.03102823533117771 -0.002005822490900755 0
		endloop
	endfacet
	facet normal -0.8502171855525342 0.5264320824105688 0
		outer loop
			vertex 0.030591078102588654 -0.0027118558064103127 -0.006000000052154064
			vertex 0.03102823533117771 -0.002005822490900755 0
			vertex 0.03102823533117771 -0.002005822490900755 -0.006000000052154064
		endloop
	endfacet
	facet normal -0.7390088131716259 0.6736957577828918 0
		outer loop
			vertex 0.030031630769371986 -0.003325540106743574 -0.006000000052154064
			vertex 0.030031630769371986 -0.003325540106743574 0
			vertex 0.030591078102588654 -0.0027118558064103127 0
		endloop
	endfacet
	facet normal -0.7390088131716259 0.6736957577828918 0
		outer loop
			vertex 0.030031630769371986 -0.003325540106743574 -0.006000000052154064
			vertex 0.030591078102588654 -0.0027118558064103127 0
			vertex 0.030591078102588654 -0.0027118558064103127 -0.006000000052154064
		endloop
	endfacet
	facet normal -0.6026343592526041 0.7980174365564974 0
		outer loop
			vertex 0.029368944466114044 -0.003825977211818099 -0.006000000052154064
			vertex 0.029368944466114044 -0.003825977211818099 0
			vertex 0.030031630769371986 -0.003325540106743574 0
		endloop
	endfacet
	facet normal -0.6026343592526041 0.7980174365564974 0
		outer loop
			vertex 0.029368944466114044 -0.003825977211818099 -0.006000000052154064
			vertex 0.030031630769371986 -0.003325540106743574 0
			vertex 0.030031630769371986 -0.003325540106743574 -0.006000000052154064
		endloop
	endfacet
	facet normal -0.44573819656525115 0.8951633706328458 0
		outer loop
			vertex 0.02862558700144291 -0.004196125082671642 -0.006000000052154064
			vertex 0.02862558700144291 -0.004196125082671642 0
			vertex 0.029368944466114044 -0.003825977211818099 0
		endloop
	endfacet
	facet normal -0.44573819656525115 0.8951633706328458 0
		outer loop
			vertex 0.02862558700144291 -0.004196125082671642 -0.006000000052154064
			vertex 0.029368944466114044 -0.003825977211818099 0
			vertex 0.029368944466114044 -0.003825977211818099 -0.006000000052154064
		endloop
	endfacet
	facet normal -0.2736633510062233 0.9618255404781288 0
		outer loop
			vertex 0.02782687358558178 -0.0044233789667487144 -0.006000000052154064
			vertex 0.02862558700144291 -0.004196125082671642 0
			vertex 0.02862558700144291 -0.004196125082671642 -0.006000000052154064
		endloop
	endfacet
	facet normal -0.2736633510062233 0.9618255404781288 0
		outer loop
			vertex 0.02782687358558178 -0.0044233789667487144 -0.006000000052154064
			vertex 0.02782687358558178 -0.0044233789667487144 0
			vertex 0.02862558700144291 -0.004196125082671642 0
		endloop
	endfacet
	facet normal -0.09226810038772028 0.9957342003018885 0
		outer loop
			vertex 0.027000000700354576 -0.0044999998062849045 -0.006000000052154064
			vertex 0.02782687358558178 -0.0044233789667487144 0
			vertex 0.02782687358558178 -0.0044233789667487144 -0.006000000052154064
		endloop
	endfacet
	facet normal -0.09226810038772028 0.9957342003018885 0
		outer loop
			vertex 0.027000000700354576 -0.0044999998062849045 -0.006000000052154064
			vertex 0.027000000700354576 -0.0044999998062849045 0
			vertex 0.02782687358558178 -0.0044233789667487144 0
		endloop
	endfacet
	facet normal 0 1 0
		outer loop
			vertex 0.01600000075995922 -0.0044999998062849045 -0.006000000052154064
			vertex 0.01600000075995922 -0.0044999998062849045 0
			vertex 0.027000000700354576 -0.0044999998062849045 0
		endloop
	endfacet
	facet normal 0 1 0
		outer loop
			vertex 0.01600000075995922 -0.0044999998062849045 -0.006000000052154064
			vertex 0.027000000700354576 -0.0044999998062849045 0
			vertex 0.027000000700354576 -0.0044999998062849045 -0.006000000052154064
		endloop
	endfacet
	facet normal 0 1 0
		outer loop
			vertex 0 -0.014000000432133675 -0.0035000001080334187
			vertex 0.0020000000949949026 -0.014000000432133675 -0.0364999994635582
			vertex 0 -0.014000000432133675 -0.0364999994635582
		endloop
	endfacet
	facet normal 0 1 0
		outer loop
			vertex 0 -0.014000000432133675 -0.0035000001080334187
			vertex 0.0020000000949949026 -0.014000000432133675 -0.0035000001080334187
			vertex 0.0020000000949949026 -0.014000000432133675 -0.0364999994635582
		endloop
	endfacet
	facet normal 0 0 1
		outer loop
			vertex 0 -0.014000000432133675 -0.0364999994635582
			vertex 0.0020000000949949026 -0.009999999776482582 -0.0364999994635582
			vertex 0 -0.009999999776482582 -0.0364999994635582
		endloop
	endfacet
	facet normal 0 0 1
		outer loop
			vertex 0 -0.014000000432133675 -0.0364999994635582
			vertex 0.0020000000949949026 -0.014000000432133675 -0.0364999994635582
			vertex 0.0020000000949949026 -0.009999999776482582 -0.0364999994635582
		endloop
	endfacet
	facet normal 0 -1 0
		outer loop
			vertex 0 -0.009999999776482582 -0.0364999994635582
			vertex 0.0020000000949949026 -0.009999999776482582 -0.0035000001080334187
			vertex 0 -0.009999999776482582 -0.0035000001080334187
		endloop
	endfacet
	facet normal 0 -1 0
		outer loop
			vertex 0 -0.009999999776482582 -0.0364999994635582
			vertex 0.0020000000949949026 -0.009999999776482582 -0.0364999994635582
			vertex 0.0020000000949949026 -0.009999999776482582 -0.0035000001080334187
		endloop
	endfacet
	facet normal 0 0 -1
		outer loop
			vertex 0 -0.009999999776482582 -0.0035000001080334187
			vertex 0.0020000000949949026 -0.014000000432133675 -0.0035000001080334187
			vertex 0 -0.014000000432133675 -0.0035000001080334187
		endloop
	endfacet
	facet normal 0 0 -1
		outer loop
			vertex 0 -0.009999999776482582 -0.0035000001080334187
			vertex 0.0020000000949949026 -0.009999999776482582 -0.0035000001080334187
			vertex 0.0020000000949949026 -0.014000000432133675 -0.0035000001080334187
		endloop
	endfacet
	facet normal -1 0 0
		outer loop
			vertex 0.0020000000949949026 -0.014000000432133675 -0.0364999994635582
			vertex 0.0020000000949949026 -0.014000000432133675 -0.0035000001080334187
			vertex 0.0020000000949949026 -0.009999999776482582 -0.0035000001080334187
		endloop
	endfacet
	facet normal -1 0 0
		outer loop
			vertex 0.0020000000949949026 -0.014000000432133675 -0.0364999994635582
			vertex 0.0020000000949949026 -0.009999999776482582 -0.0035000001080334187
			vertex 0.0020000000949949026 -0.009999999776482582 -0.0364999994635582
		endloop
	endfacet
	facet normal -1 0 0
		outer loop
			vertex 0.0020000000949949026 0.004000000189989805 -0.008999999612569809
			vertex 0.0020000000949949026 0.004000000189989805 -0.007000000216066837
			vertex 0.0020000000949949026 0.00800000037997961 -0.0035000001080334187
		endloop
	endfacet
	facet normal -1 0 0
		outer loop
			vertex 0.0020000000949949026 0.004052683711051941 -0.010918095707893372
			vertex 0.0020000000949949026 0.004000000189989805 -0.008999999612569809
			vertex 0.0020000000949949026 0.004764837212860584 -0.011578877456486225
		endloop
	endfacet
	facet normal -1 0 0
		outer loop
			vertex 0.0020000000949949026 0.005370552185922861 -0.012338419444859028
			vertex 0.0020000000949949026 0.004000000189989805 -0.008999999612569809
			vertex 0.0020000000949949026 0.00800000037997961 -0.0035000001080334187
		endloop
	endfacet
	facet normal -1 0 0
		outer loop
			vertex 0.0020000000949949026 0.005370552185922861 -0.012338419444859028
			vertex 0.0020000000949949026 0.004764837212860584 -0.011578877456486225
			vertex 0.0020000000949949026 0.004000000189989805 -0.008999999612569809
		endloop
	endfacet
	facet normal -1 0 0
		outer loop
			vertex 0.0020000000949949026 0.0032500000670552254 -0.010370834730565548
			vertex 0.0020000000949949026 0.004000000189989805 -0.008999999612569809
			vertex 0.0020000000949949026 0.004052683711051941 -0.010918095707893372
		endloop
	endfacet
	facet normal -1 0 0
		outer loop
			vertex 0.0020000000949949026 0.005856297444552183 -0.01317975576967001
			vertex 0.0020000000949949026 0.005370552185922861 -0.012338419444859028
			vertex 0.0020000000949949026 0.00800000037997961 -0.0035000001080334187
		endloop
	endfacet
	facet normal -1 0 0
		outer loop
			vertex 0.0020000000949949026 0.002374716568738222 -0.009949320927262306
			vertex 0.0020000000949949026 0.004000000189989805 -0.008999999612569809
			vertex 0.0020000000949949026 0.0032500000670552254 -0.010370834730565548
		endloop
	endfacet
	facet normal -1 0 0
		outer loop
			vertex 0.0020000000949949026 0.00621122308075428 -0.014084091410040855
			vertex 0.0020000000949949026 0.005856297444552183 -0.01317975576967001
			vertex 0.0020000000949949026 0.00800000037997961 -0.0035000001080334187
		endloop
	endfacet
	facet normal -1 0 0
		outer loop
			vertex 0.0020000000949949026 0.0014463861007243395 -0.00966296810656786
			vertex 0.0020000000949949026 0.004000000189989805 -0.008999999612569809
			vertex 0.0020000000949949026 0.002374716568738222 -0.009949320927262306
		endloop
	endfacet
	facet normal -1 0 0
		outer loop
			vertex 0.0020000000949949026 0.006427400279790163 -0.015031225048005581
			vertex 0.0020000000949949026 0.00621122308075428 -0.014084091410040855
			vertex 0.0020000000949949026 0.00800000037997961 -0.0035000001080334187
		endloop
	endfacet
	facet normal -1 0 0
		outer loop
			vertex 0.0020000000949949026 0.006500000134110451 -0.01600000075995922
			vertex 0.0020000000949949026 0.006427400279790163 -0.015031225048005581
			vertex 0.0020000000949949026 0.00800000037997961 -0.0035000001080334187
		endloop
	endfacet
	facet normal -1 0 0
		outer loop
			vertex 0.0020000000949949026 -0.00800000037997961 -0.0035000001080334187
			vertex 0.0020000000949949026 0.004000000189989805 -0.007000000216066837
			vertex 0.0020000000949949026 -0.004000000189989805 -0.007000000216066837
		endloop
	endfacet
	facet normal -1 0 0
		outer loop
			vertex 0.0020000000949949026 -0.00800000037997961 -0.0035000001080334187
			vertex 0.0020000000949949026 0.00800000037997961 -0.0035000001080334187
			vertex 0.0020000000949949026 0.004000000189989805 -0.007000000216066837
		endloop
	endfacet
	facet normal -1 0 0
		outer loop
			vertex 0.0020000000949949026 -0.004000000189989805 -0.008999999612569809
			vertex 0.0020000000949949026 -0.0014463861007243395 -0.00966296810656786
			vertex 0.0020000000949949026 -0.002374716568738222 -0.009949320927262306
		endloop
	endfacet
	facet normal -1 0 0
		outer loop
			vertex 0.0020000000949949026 -0.004000000189989805 -0.008999999612569809
			vertex 0.0020000000949949026 -0.00800000037997961 -0.0035000001080334187
			vertex 0.0020000000949949026 -0.004000000189989805 -0.007000000216066837
		endloop
	endfacet
	facet normal -1 0 0
		outer loop
			vertex 0.0020000000949949026 -0.0032500000670552254 -0.010370834730565548
			vertex 0.0020000000949949026 -0.004000000189989805 -0.008999999612569809
			vertex 0.0020000000949949026 -0.002374716568738222 -0.009949320927262306
		endloop
	endfacet
	facet normal -1 0 0
		outer loop
			vertex 0.0020000000949949026 -0.004052683711051941 -0.010918095707893372
			vertex 0.0020000000949949026 -0.004000000189989805 -0.008999999612569809
			vertex 0.0020000000949949026 -0.0032500000670552254 -0.010370834730565548
		endloop
	endfacet
	facet normal -1 0 0
		outer loop
			vertex 0.0020000000949949026 -0.004764837212860584 -0.011578877456486225
			vertex 0.0020000000949949026 -0.004000000189989805 -0.008999999612569809
			vertex 0.0020000000949949026 -0.004052683711051941 -0.010918095707893372
		endloop
	endfacet
	facet normal -1 0 0
		outer loop
			vertex 0.0020000000949949026 -0.005370552185922861 -0.012338419444859028
			vertex 0.0020000000949949026 -0.004000000189989805 -0.008999999612569809
			vertex 0.0020000000949949026 -0.004764837212860584 -0.011578877456486225
		endloop
	endfacet
	facet normal -1 0 0
		outer loop
			vertex 0.0020000000949949026 -0.005370552185922861 -0.012338419444859028
			vertex 0.0020000000949949026 -0.00800000037997961 -0.0035000001080334187
			vertex 0.0020000000949949026 -0.004000000189989805 -0.008999999612569809
		endloop
	endfacet
	facet normal -1 0 0
		outer loop
			vertex 0.0020000000949949026 -0.005856297444552183 -0.01317975576967001
			vertex 0.0020000000949949026 -0.00800000037997961 -0.0035000001080334187
			vertex 0.0020000000949949026 -0.005370552185922861 -0.012338419444859028
		endloop
	endfacet
	facet normal -1 0 0
		outer loop
			vertex 0.0020000000949949026 -0.00621122308075428 -0.014084091410040855
			vertex 0.0020000000949949026 -0.00800000037997961 -0.0035000001080334187
			vertex 0.0020000000949949026 -0.005856297444552183 -0.01317975576967001
		endloop
	endfacet
	facet normal -1 0 0
		outer loop
			vertex 0.0020000000949949026 -0.006427400279790163 -0.015031225048005581
			vertex 0.0020000000949949026 -0.00800000037997961 -0.0035000001080334187
			vertex 0.0020000000949949026 -0.00621122308075428 -0.014084091410040855
		endloop
	endfacet
	facet normal -1 0 0
		outer loop
			vertex 0.0020000000949949026 0.00800000037997961 -0.0364999994635582
			vertex 0.0020000000949949026 0.004821885842829943 -0.031358830630779266
			vertex 0.0020000000949949026 0.005408327095210552 -0.030605550855398178
		endloop
	endfacet
	facet normal -1 0 0
		outer loop
			vertex 0.0020000000949949026 0.00800000037997961 -0.0364999994635582
			vertex 0.0020000000949949026 0.005408327095210552 -0.030605550855398178
			vertex 0.0020000000949949026 0.005878109019249678 -0.0297744981944561
		endloop
	endfacet
	facet normal -1 0 0
		outer loop
			vertex 0.0020000000949949026 0.00800000037997961 -0.0364999994635582
			vertex 0.0020000000949949026 0.005878109019249678 -0.0297744981944561
			vertex 0.0020000000949949026 0.006221098359674215 -0.028883596882224083
		endloop
	endfacet
	facet normal -1 0 0
		outer loop
			vertex 0.0020000000949949026 0.00800000037997961 -0.0364999994635582
			vertex 0.0020000000949949026 0.006221098359674215 -0.028883596882224083
			vertex 0.0020000000949949026 0.00642989668995142 -0.02795206755399704
		endloop
	endfacet
	facet normal -1 0 0
		outer loop
			vertex 0.0020000000949949026 0.00800000037997961 -0.0364999994635582
			vertex 0.0020000000949949026 0.00642989668995142 -0.02795206755399704
			vertex 0.0020000000949949026 0.006500000134110451 -0.027000000700354576
		endloop
	endfacet
	facet normal -1 0 0
		outer loop
			vertex 0.0020000000949949026 0.00800000037997961 -0.0364999994635582
			vertex 0.0020000000949949026 0.006500000134110451 -0.027000000700354576
			vertex 0.0020000000949949026 0.006500000134110451 -0.01600000075995922
		endloop
	endfacet
	facet normal -1 0 0
		outer loop
			vertex 0.0020000000949949026 0.00800000037997961 -0.0364999994635582
			vertex 0.0020000000949949026 0.006500000134110451 -0.01600000075995922
			vertex 0.0020000000949949026 0.00800000037997961 -0.0035000001080334187
		endloop
	endfacet
	facet normal -1 0 0
		outer loop
			vertex 0.0020000000949949026 0.004000000189989805 -0.032999999821186066
			vertex 0.0020000000949949026 0.004131434950977564 -0.03201809152960777
			vertex 0.0020000000949949026 0.004821885842829943 -0.031358830630779266
		endloop
	endfacet
	facet normal -1 0 0
		outer loop
			vertex 0.0020000000949949026 0.004000000189989805 -0.032999999821186066
			vertex 0.0020000000949949026 0.004821885842829943 -0.031358830630779266
			vertex 0.0020000000949949026 0.00800000037997961 -0.0364999994635582
		endloop
	endfacet
	facet normal -1 0 0
		outer loop
			vertex 0.0020000000949949026 0.0033518678974360228 -0.03256911039352417
			vertex 0.0020000000949949026 0.004131434950977564 -0.03201809152960777
			vertex 0.0020000000949949026 0.004000000189989805 -0.032999999821186066
		endloop
	endfacet
	facet normal -1 0 0
		outer loop
			vertex 0.0020000000949949026 0.0024999999441206455 -0.032999999821186066
			vertex 0.0020000000949949026 0.0033518678974360228 -0.03256911039352417
			vertex 0.0020000000949949026 0.004000000189989805 -0.032999999821186066
		endloop
	endfacet
	facet normal -1 0 0
		outer loop
			vertex 0.0020000000949949026 0.004000000189989805 -0.03500000014901161
			vertex 0.0020000000949949026 0.004000000189989805 -0.032999999821186066
			vertex 0.0020000000949949026 0.00800000037997961 -0.0364999994635582
		endloop
	endfacet
	facet normal -1 0 0
		outer loop
			vertex 0.0020000000949949026 -0.004000000189989805 -0.032999999821186066
			vertex 0.0020000000949949026 -0.004821885842829943 -0.031358830630779266
			vertex 0.0020000000949949026 -0.004131434950977564 -0.03201809152960777
		endloop
	endfacet
	facet normal -1 0 0
		outer loop
			vertex 0.0020000000949949026 -0.004000000189989805 -0.032999999821186066
			vertex 0.0020000000949949026 -0.004131434950977564 -0.03201809152960777
			vertex 0.0020000000949949026 -0.0033518678974360228 -0.03256911039352417
		endloop
	endfacet
	facet normal -1 0 0
		outer loop
			vertex 0.0020000000949949026 -0.004000000189989805 -0.032999999821186066
			vertex 0.0020000000949949026 -0.0033518678974360228 -0.03256911039352417
			vertex 0.0020000000949949026 -0.0024999999441206455 -0.032999999821186066
		endloop
	endfacet
	facet normal -1 0 0
		outer loop
			vertex 0.0020000000949949026 -0.00800000037997961 -0.0364999994635582
			vertex 0.0020000000949949026 0.004000000189989805 -0.03500000014901161
			vertex 0.0020000000949949026 0.00800000037997961 -0.0364999994635582
		endloop
	endfacet
	facet normal -1 0 0
		outer loop
			vertex 0.0020000000949949026 -0.00800000037997961 -0.0364999994635582
			vertex 0.0020000000949949026 -0.00642989668995142 -0.02795206755399704
			vertex 0.0020000000949949026 -0.006221098359674215 -0.028883596882224083
		endloop
	endfacet
	facet normal -1 0 0
		outer loop
			vertex 0.0020000000949949026 -0.00800000037997961 -0.0364999994635582
			vertex 0.0020000000949949026 -0.006221098359674215 -0.028883596882224083
			vertex 0.0020000000949949026 -0.005878109019249678 -0.0297744981944561
		endloop
	endfacet
	facet normal -1 0 0
		outer loop
			vertex 0.0020000000949949026 -0.00800000037997961 -0.0364999994635582
			vertex 0.0020000000949949026 -0.005878109019249678 -0.0297744981944561
			vertex 0.0020000000949949026 -0.005408327095210552 -0.030605550855398178
		endloop
	endfacet
	facet normal -1 0 0
		outer loop
			vertex 0.0020000000949949026 -0.00800000037997961 -0.0364999994635582
			vertex 0.0020000000949949026 -0.004821885842829943 -0.031358830630779266
			vertex 0.0020000000949949026 -0.004000000189989805 -0.032999999821186066
		endloop
	endfacet
	facet normal -1 0 0
		outer loop
			vertex 0.0020000000949949026 -0.00800000037997961 -0.0364999994635582
			vertex 0.0020000000949949026 -0.005408327095210552 -0.030605550855398178
			vertex 0.0020000000949949026 -0.004821885842829943 -0.031358830630779266
		endloop
	endfacet
	facet normal -1 0 0
		outer loop
			vertex 0.0020000000949949026 -0.00800000037997961 -0.0364999994635582
			vertex 0.0020000000949949026 -0.004000000189989805 -0.032999999821186066
			vertex 0.0020000000949949026 -0.004000000189989805 -0.03500000014901161
		endloop
	endfacet
	facet normal -1 0 0
		outer loop
			vertex 0.0020000000949949026 -0.00800000037997961 -0.0364999994635582
			vertex 0.0020000000949949026 -0.004000000189989805 -0.03500000014901161
			vertex 0.0020000000949949026 0.004000000189989805 -0.03500000014901161
		endloop
	endfacet
	facet normal -1 0 0
		outer loop
			vertex 0.0020000000949949026 -0.00800000037997961 -0.0364999994635582
			vertex 0.0020000000949949026 -0.00800000037997961 -0.0035000001080334187
			vertex 0.0020000000949949026 -0.006500000134110451 -0.01600000075995922
		endloop
	endfacet
	facet normal -1 0 0
		outer loop
			vertex 0.0020000000949949026 -0.006500000134110451 -0.01600000075995922
			vertex 0.0020000000949949026 -0.00800000037997961 -0.0035000001080334187
			vertex 0.0020000000949949026 -0.006427400279790163 -0.015031225048005581
		endloop
	endfacet
	facet normal -1 0 0
		outer loop
			vertex 0.0020000000949949026 -0.00800000037997961 -0.0364999994635582
			vertex 0.0020000000949949026 -0.006500000134110451 -0.01600000075995922
			vertex 0.0020000000949949026 -0.006500000134110451 -0.027000000700354576
		endloop
	endfacet
	facet normal -1 0 0
		outer loop
			vertex 0.0020000000949949026 -0.00800000037997961 -0.0364999994635582
			vertex 0.0020000000949949026 -0.006500000134110451 -0.027000000700354576
			vertex 0.0020000000949949026 -0.00642989668995142 -0.02795206755399704
		endloop
	endfacet
	facet normal -1 0 0
		outer loop
			vertex 0.0020000000949949026 -0.004000000189989805 -0.008999999612569809
			vertex 0.0020000000949949026 0.004000000189989805 -0.008999999612569809
			vertex 0.0020000000949949026 0.00048574560787528753 -0.009518175385892391
		endloop
	endfacet
	facet normal -1 0 0
		outer loop
			vertex 0.0020000000949949026 0.00048574560787528753 -0.009518175385892391
			vertex 0.0020000000949949026 0.004000000189989805 -0.008999999612569809
			vertex 0.0020000000949949026 0.0014463861007243395 -0.00966296810656786
		endloop
	endfacet
	facet normal -1 0 0
		outer loop
			vertex 0.0020000000949949026 -0.004000000189989805 -0.008999999612569809
			vertex 0.0020000000949949026 0.00048574560787528753 -0.009518175385892391
			vertex 0.0020000000949949026 -0.00048574560787528753 -0.009518175385892391
		endloop
	endfacet
	facet normal -1 0 0
		outer loop
			vertex 0.0020000000949949026 -0.004000000189989805 -0.008999999612569809
			vertex 0.0020000000949949026 -0.00048574560787528753 -0.009518175385892391
			vertex 0.0020000000949949026 -0.0014463861007243395 -0.00966296810656786
		endloop
	endfacet
	facet normal -1 0 0
		outer loop
			vertex 0.0020000000949949026 0.009999999776482582 -0.0364999994635582
			vertex 0.0020000000949949026 0.009999999776482582 -0.0035000001080334187
			vertex 0.0020000000949949026 0.014000000432133675 -0.0035000001080334187
		endloop
	endfacet
	facet normal -1 0 0
		outer loop
			vertex 0.0020000000949949026 0.009999999776482582 -0.0364999994635582
			vertex 0.0020000000949949026 0.014000000432133675 -0.0035000001080334187
			vertex 0.0020000000949949026 0.014000000432133675 -0.0364999994635582
		endloop
	endfacet
	facet normal 0 1 0
		outer loop
			vertex 0 -0.00800000037997961 -0.0035000001080334187
			vertex 0.0020000000949949026 -0.00800000037997961 -0.0364999994635582
			vertex 0 -0.00800000037997961 -0.0364999994635582
		endloop
	endfacet
	facet normal 0 1 0
		outer loop
			vertex 0 -0.00800000037997961 -0.0035000001080334187
			vertex 0.0020000000949949026 -0.00800000037997961 -0.0035000001080334187
			vertex 0.0020000000949949026 -0.00800000037997961 -0.0364999994635582
		endloop
	endfacet
	facet normal 0 0 1
		outer loop
			vertex 0 -0.00800000037997961 -0.0364999994635582
			vertex 0.0020000000949949026 0.00800000037997961 -0.0364999994635582
			vertex 0 0.00800000037997961 -0.0364999994635582
		endloop
	endfacet
	facet normal 0 0 1
		outer loop
			vertex 0 -0.00800000037997961 -0.0364999994635582
			vertex 0.0020000000949949026 -0.00800000037997961 -0.0364999994635582
			vertex 0.0020000000949949026 0.00800000037997961 -0.0364999994635582
		endloop
	endfacet
	facet normal 0 -1 0
		outer loop
			vertex 0 0.00800000037997961 -0.0364999994635582
			vertex 0.0020000000949949026 0.00800000037997961 -0.0035000001080334187
			vertex 0 0.00800000037997961 -0.0035000001080334187
		endloop
	endfacet
	facet normal 0 -1 0
		outer loop
			vertex 0 0.00800000037997961 -0.0364999994635582
			vertex 0.0020000000949949026 0.00800000037997961 -0.0364999994635582
			vertex 0.0020000000949949026 0.00800000037997961 -0.0035000001080334187
		endloop
	endfacet
	facet normal 0 0 -1
		outer loop
			vertex 0 0.00800000037997961 -0.0035000001080334187
			vertex 0.0020000000949949026 -0.00800000037997961 -0.0035000001080334187
			vertex 0 -0.00800000037997961 -0.0035000001080334187
		endloop
	endfacet
	facet normal 0 0 -1
		outer loop
			vertex 0 0.00800000037997961 -0.0035000001080334187
			vertex 0.0020000000949949026 0.00800000037997961 -0.0035000001080334187
			vertex 0.0020000000949949026 -0.00800000037997961 -0.0035000001080334187
		endloop
	endfacet
	facet normal 0 1 0
		outer loop
			vertex 0 0.009999999776482582 -0.0035000001080334187
			vertex 0.0020000000949949026 0.009999999776482582 -0.0364999994635582
			vertex 0 0.009999999776482582 -0.0364999994635582
		endloop
	endfacet
	facet normal 0 1 0
		outer loop
			vertex 0 0.009999999776482582 -0.0035000001080334187
			vertex 0.0020000000949949026 0.009999999776482582 -0.0035000001080334187
			vertex 0.0020000000949949026 0.009999999776482582 -0.0364999994635582
		endloop
	endfacet
	facet normal 0 0 1
		outer loop
			vertex 0 0.009999999776482582 -0.0364999994635582
			vertex 0.0020000000949949026 0.014000000432133675 -0.0364999994635582
			vertex 0 0.014000000432133675 -0.0364999994635582
		endloop
	endfacet
	facet normal 0 0 1
		outer loop
			vertex 0 0.009999999776482582 -0.0364999994635582
			vertex 0.0020000000949949026 0.009999999776482582 -0.0364999994635582
			vertex 0.0020000000949949026 0.014000000432133675 -0.0364999994635582
		endloop
	endfacet
	facet normal 0 -1 0
		outer loop
			vertex 0 0.014000000432133675 -0.0364999994635582
			vertex 0.0020000000949949026 0.014000000432133675 -0.0035000001080334187
			vertex 0 0.014000000432133675 -0.0035000001080334187
		endloop
	endfacet
	facet normal 0 -1 0
		outer loop
			vertex 0 0.014000000432133675 -0.0364999994635582
			vertex 0.0020000000949949026 0.014000000432133675 -0.0364999994635582
			vertex 0.0020000000949949026 0.014000000432133675 -0.0035000001080334187
		endloop
	endfacet
	facet normal 0 0 -1
		outer loop
			vertex 0 0.014000000432133675 -0.0035000001080334187
			vertex 0.0020000000949949026 0.009999999776482582 -0.0035000001080334187
			vertex 0 0.009999999776482582 -0.0035000001080334187
		endloop
	endfacet
	facet normal 0 0 -1
		outer loop
			vertex 0 0.014000000432133675 -0.0035000001080334187
			vertex 0.0020000000949949026 0.014000000432133675 -0.0035000001080334187
			vertex 0.0020000000949949026 0.009999999776482582 -0.0035000001080334187
		endloop
	endfacet
	facet normal 0 1 0
		outer loop
			vertex 0.0020000000949949026 0.004000000189989805 -0.03500000014901161
			vertex -0.0020000000949949026 0.004000000189989805 -0.032999999821186066
			vertex 0.0020000000949949026 0.004000000189989805 -0.032999999821186066
		endloop
	endfacet
	facet normal 0 1 0
		outer loop
			vertex 0.0020000000949949026 0.004000000189989805 -0.03500000014901161
			vertex -0.0020000000949949026 0.004000000189989805 -0.03500000014901161
			vertex -0.0020000000949949026 0.004000000189989805 -0.032999999821186066
		endloop
	endfacet
	facet normal 0 1 0
		outer loop
			vertex 0.0020000000949949026 0.004000000189989805 -0.008999999612569809
			vertex -0.0020000000949949026 0.004000000189989805 -0.007000000216066837
			vertex 0.0020000000949949026 0.004000000189989805 -0.007000000216066837
		endloop
	endfacet
	facet normal 0 1 0
		outer loop
			vertex 0.0020000000949949026 0.004000000189989805 -0.008999999612569809
			vertex -0.0020000000949949026 0.004000000189989805 -0.008999999612569809
			vertex -0.0020000000949949026 0.004000000189989805 -0.007000000216066837
		endloop
	endfacet
	facet normal 0 1 0
		outer loop
			vertex 0.008999999612569809 0.004000000189989805 -0.0020000000949949026
			vertex 0.007000000216066837 0.004000000189989805 0.0020000000949949026
			vertex 0.008999999612569809 0.004000000189989805 0.0020000000949949026
		endloop
	endfacet
	facet normal 0 1 0
		outer loop
			vertex 0.008999999612569809 0.004000000189989805 -0.0020000000949949026
			vertex 0.007000000216066837 0.004000000189989805 -0.0020000000949949026
			vertex 0.007000000216066837 0.004000000189989805 0.0020000000949949026
		endloop
	endfacet
	facet normal 0 1 0
		outer loop
			vertex 0.03500000014901161 0.004000000189989805 -0.0020000000949949026
			vertex 0.032999999821186066 0.004000000189989805 0.0020000000949949026
			vertex 0.03500000014901161 0.004000000189989805 0.0020000000949949026
		endloop
	endfacet
	facet normal 0 1 0
		outer loop
			vertex 0.03500000014901161 0.004000000189989805 -0.0020000000949949026
			vertex 0.032999999821186066 0.004000000189989805 -0.0020000000949949026
			vertex 0.032999999821186066 0.004000000189989805 0.0020000000949949026
		endloop
	endfacet
	facet normal 0 0 1
		outer loop
			vertex 0 0.0024999999441206455 -0.032999999821186066
			vertex 0.0020000000949949026 0.0024999999441206455 -0.032999999821186066
			vertex 0.0020000000949949026 0.004000000189989805 -0.032999999821186066
		endloop
	endfacet
	facet normal 0 0 1
		outer loop
			vertex -0.0020000000949949026 0.004000000189989805 -0.032999999821186066
			vertex 0 0.0024999999441206455 -0.032999999821186066
			vertex 0.0020000000949949026 0.004000000189989805 -0.032999999821186066
		endloop
	endfacet
	facet normal 0 0 1
		outer loop
			vertex 0 -0.0024999999441206455 -0.032999999821186066
			vertex 0.0020000000949949026 -0.004000000189989805 -0.032999999821186066
			vertex 0.0020000000949949026 -0.0024999999441206455 -0.032999999821186066
		endloop
	endfacet
	facet normal 0 0 1
		outer loop
			vertex -0.0020000000949949026 -0.004000000189989805 -0.032999999821186066
			vertex 0 -0.0024999999441206455 -0.032999999821186066
			vertex 0 0.0024999999441206455 -0.032999999821186066
		endloop
	endfacet
	facet normal 0 0 1
		outer loop
			vertex -0.0020000000949949026 -0.004000000189989805 -0.032999999821186066
			vertex 0 0.0024999999441206455 -0.032999999821186066
			vertex -0.0020000000949949026 0.004000000189989805 -0.032999999821186066
		endloop
	endfacet
	facet normal 0 0 1
		outer loop
			vertex -0.0020000000949949026 -0.004000000189989805 -0.032999999821186066
			vertex 0.0020000000949949026 -0.004000000189989805 -0.032999999821186066
			vertex 0 -0.0024999999441206455 -0.032999999821186066
		endloop
	endfacet
	facet normal 0 0.9973000718761686 -0.07343409722866359
		outer loop
			vertex 0 0.00642989668995142 -0.02795206755399704
			vertex 0 0.006500000134110451 -0.027000000700354576
			vertex 0.0020000000949949026 0.006500000134110451 -0.027000000700354576
		endloop
	endfacet
	facet normal 0 0.9973000718761686 -0.07343409722866359
		outer loop
			vertex 0 0.00642989668995142 -0.02795206755399704
			vertex 0.0020000000949949026 0.006500000134110451 -0.027000000700354576
			vertex 0.0020000000949949026 0.00642989668995142 -0.02795206755399704
		endloop
	endfacet
	facet normal 0 0.9757879508526581 -0.21871871198132725
		outer loop
			vertex 0 0.006221098359674215 -0.028883596882224083
			vertex 0.0020000000949949026 0.00642989668995142 -0.02795206755399704
			vertex 0.0020000000949949026 0.006221098359674215 -0.028883596882224083
		endloop
	endfacet
	facet normal 0 0.9757879508526581 -0.21871871198132725
		outer loop
			vertex 0 0.006221098359674215 -0.028883596882224083
			vertex 0 0.00642989668995142 -0.02795206755399704
			vertex 0.0020000000949949026 0.00642989668995142 -0.02795206755399704
		endloop
	endfacet
	facet normal 0 0.9332279849146603 -0.35928474525384846
		outer loop
			vertex 0 0.005878109019249678 -0.0297744981944561
			vertex 0.0020000000949949026 0.006221098359674215 -0.028883596882224083
			vertex 0.0020000000949949026 0.005878109019249678 -0.0297744981944561
		endloop
	endfacet
	facet normal 0 0.9332279849146603 -0.35928474525384846
		outer loop
			vertex 0 0.005878109019249678 -0.0297744981944561
			vertex 0 0.006221098359674215 -0.028883596882224083
			vertex 0.0020000000949949026 0.006221098359674215 -0.028883596882224083
		endloop
	endfacet
	facet normal 0 0.870537481792713 -0.4921021162258929
		outer loop
			vertex 0 0.005408327095210552 -0.030605550855398178
			vertex 0.0020000000949949026 0.005878109019249678 -0.0297744981944561
			vertex 0.0020000000949949026 0.005408327095210552 -0.030605550855398178
		endloop
	endfacet
	facet normal 0 0.870537481792713 -0.4921021162258929
		outer loop
			vertex 0 0.005408327095210552 -0.030605550855398178
			vertex 0 0.005878109019249678 -0.0297744981944561
			vertex 0.0020000000949949026 0.005878109019249678 -0.0297744981944561
		endloop
	endfacet
	facet normal 0 0.789069386835777 -0.6143040800439235
		outer loop
			vertex 0 0.004821885842829943 -0.031358830630779266
			vertex 0.0020000000949949026 0.005408327095210552 -0.030605550855398178
			vertex 0.0020000000949949026 0.004821885842829943 -0.031358830630779266
		endloop
	endfacet
	facet normal 0 0.789069386835777 -0.6143040800439235
		outer loop
			vertex 0 0.004821885842829943 -0.031358830630779266
			vertex 0 0.005408327095210552 -0.030605550855398178
			vertex 0.0020000000949949026 0.005408327095210552 -0.030605550855398178
		endloop
	endfacet
	facet normal 0 0.6905821469365475 -0.7232539653071449
		outer loop
			vertex 0 0.004131434950977564 -0.03201809152960777
			vertex 0.0020000000949949026 0.004821885842829943 -0.031358830630779266
			vertex 0.0020000000949949026 0.004131434950977564 -0.03201809152960777
		endloop
	endfacet
	facet normal 0 0.6905821469365475 -0.7232539653071449
		outer loop
			vertex 0 0.004131434950977564 -0.03201809152960777
			vertex 0 0.004821885842829943 -0.031358830630779266
			vertex 0.0020000000949949026 0.004821885842829943 -0.031358830630779266
		endloop
	endfacet
	facet normal 0 0.5771978212461832 -0.8166043565574821
		outer loop
			vertex 0 0.0033518678974360228 -0.03256911039352417
			vertex 0.0020000000949949026 0.004131434950977564 -0.03201809152960777
			vertex 0.0020000000949949026 0.0033518678974360228 -0.03256911039352417
		endloop
	endfacet
	facet normal 0 0.5771978212461832 -0.8166043565574821
		outer loop
			vertex 0 0.0033518678974360228 -0.03256911039352417
			vertex 0 0.004131434950977564 -0.03201809152960777
			vertex 0.0020000000949949026 0.004131434950977564 -0.03201809152960777
		endloop
	endfacet
	facet normal 0 0.4513614875593932 -0.8923411945820791
		outer loop
			vertex 0 0.0024999999441206455 -0.032999999821186066
			vertex 0.0020000000949949026 0.0033518678974360228 -0.03256911039352417
			vertex 0.0020000000949949026 0.0024999999441206455 -0.032999999821186066
		endloop
	endfacet
	facet normal 0 0.4513614875593932 -0.8923411945820791
		outer loop
			vertex 0 0.0024999999441206455 -0.032999999821186066
			vertex 0 0.0033518678974360228 -0.03256911039352417
			vertex 0.0020000000949949026 0.0033518678974360228 -0.03256911039352417
		endloop
	endfacet
	facet normal 0 -0.4513614875593932 -0.8923411945820791
		outer loop
			vertex 0 -0.0033518678974360228 -0.03256911039352417
			vertex 0.0020000000949949026 -0.0024999999441206455 -0.032999999821186066
			vertex 0.0020000000949949026 -0.0033518678974360228 -0.03256911039352417
		endloop
	endfacet
	facet normal 0 -0.4513614875593932 -0.8923411945820791
		outer loop
			vertex 0 -0.0033518678974360228 -0.03256911039352417
			vertex 0 -0.0024999999441206455 -0.032999999821186066
			vertex 0.0020000000949949026 -0.0024999999441206455 -0.032999999821186066
		endloop
	endfacet
	facet normal 0 -0.5771978212461832 -0.8166043565574821
		outer loop
			vertex 0 -0.004131434950977564 -0.03201809152960777
			vertex 0.0020000000949949026 -0.0033518678974360228 -0.03256911039352417
			vertex 0.0020000000949949026 -0.004131434950977564 -0.03201809152960777
		endloop
	endfacet
	facet normal 0 -0.5771978212461832 -0.8166043565574821
		outer loop
			vertex 0 -0.004131434950977564 -0.03201809152960777
			vertex 0 -0.0033518678974360228 -0.03256911039352417
			vertex 0.0020000000949949026 -0.0033518678974360228 -0.03256911039352417
		endloop
	endfacet
	facet normal 0 -0.6905821469365475 -0.7232539653071449
		outer loop
			vertex 0 -0.004821885842829943 -0.031358830630779266
			vertex 0.0020000000949949026 -0.004131434950977564 -0.03201809152960777
			vertex 0.0020000000949949026 -0.004821885842829943 -0.031358830630779266
		endloop
	endfacet
	facet normal 0 -0.6905821469365475 -0.7232539653071449
		outer loop
			vertex 0 -0.004821885842829943 -0.031358830630779266
			vertex 0 -0.004131434950977564 -0.03201809152960777
			vertex 0.0020000000949949026 -0.004131434950977564 -0.03201809152960777
		endloop
	endfacet
	facet normal 0 -0.789069386835777 -0.6143040800439235
		outer loop
			vertex 0 -0.005408327095210552 -0.030605550855398178
			vertex 0.0020000000949949026 -0.004821885842829943 -0.031358830630779266
			vertex 0.0020000000949949026 -0.005408327095210552 -0.030605550855398178
		endloop
	endfacet
	facet normal 0 -0.789069386835777 -0.6143040800439235
		outer loop
			vertex 0 -0.005408327095210552 -0.030605550855398178
			vertex 0 -0.004821885842829943 -0.031358830630779266
			vertex 0.0020000000949949026 -0.004821885842829943 -0.031358830630779266
		endloop
	endfacet
	facet normal 0 -0.870537481792713 -0.4921021162258929
		outer loop
			vertex 0 -0.005878109019249678 -0.0297744981944561
			vertex 0.0020000000949949026 -0.005408327095210552 -0.030605550855398178
			vertex 0.0020000000949949026 -0.005878109019249678 -0.0297744981944561
		endloop
	endfacet
	facet normal 0 -0.870537481792713 -0.4921021162258929
		outer loop
			vertex 0 -0.005878109019249678 -0.0297744981944561
			vertex 0 -0.005408327095210552 -0.030605550855398178
			vertex 0.0020000000949949026 -0.005408327095210552 -0.030605550855398178
		endloop
	endfacet
	facet normal 0 -0.9332279849146603 -0.35928474525384846
		outer loop
			vertex 0 -0.006221098359674215 -0.028883596882224083
			vertex 0.0020000000949949026 -0.005878109019249678 -0.0297744981944561
			vertex 0.0020000000949949026 -0.006221098359674215 -0.028883596882224083
		endloop
	endfacet
	facet normal 0 -0.9332279849146603 -0.35928474525384846
		outer loop
			vertex 0 -0.006221098359674215 -0.028883596882224083
			vertex 0 -0.005878109019249678 -0.0297744981944561
			vertex 0.0020000000949949026 -0.005878109019249678 -0.0297744981944561
		endloop
	endfacet
	facet normal 0 -0.9757879508526581 -0.21871871198132725
		outer loop
			vertex 0 -0.00642989668995142 -0.02795206755399704
			vertex 0.0020000000949949026 -0.006221098359674215 -0.028883596882224083
			vertex 0.0020000000949949026 -0.00642989668995142 -0.02795206755399704
		endloop
	endfacet
	facet normal 0 -0.9757879508526581 -0.21871871198132725
		outer loop
			vertex 0 -0.00642989668995142 -0.02795206755399704
			vertex 0 -0.006221098359674215 -0.028883596882224083
			vertex 0.0020000000949949026 -0.006221098359674215 -0.028883596882224083
		endloop
	endfacet
	facet normal 0 -0.9973000718761686 -0.07343409722866359
		outer loop
			vertex 0 -0.006500000134110451 -0.027000000700354576
			vertex 0.0020000000949949026 -0.00642989668995142 -0.02795206755399704
			vertex 0.0020000000949949026 -0.006500000134110451 -0.027000000700354576
		endloop
	endfacet
	facet normal 0 -0.9973000718761686 -0.07343409722866359
		outer loop
			vertex 0 -0.006500000134110451 -0.027000000700354576
			vertex 0 -0.00642989668995142 -0.02795206755399704
			vertex 0.0020000000949949026 -0.00642989668995142 -0.02795206755399704
		endloop
	endfacet
	facet normal 0 1 0
		outer loop
			vertex 0 0.006500000134110451 -0.01600000075995922
			vertex 0.0020000000949949026 0.006500000134110451 -0.027000000700354576
			vertex 0 0.006500000134110451 -0.027000000700354576
		endloop
	endfacet
	facet normal 0 1 0
		outer loop
			vertex 0 0.006500000134110451 -0.01600000075995922
			vertex 0.0020000000949949026 0.006500000134110451 -0.01600000075995922
			vertex 0.0020000000949949026 0.006500000134110451 -0.027000000700354576
		endloop
	endfacet
	facet normal 0 -0.997203785582377 0.07473024836153663
		outer loop
			vertex 0 -0.006427400279790163 -0.015031225048005581
			vertex 0 -0.006500000134110451 -0.01600000075995922
			vertex 0.0020000000949949026 -0.006500000134110451 -0.01600000075995922
		endloop
	endfacet
	facet normal 0 -0.997203785582377 0.07473024836153663
		outer loop
			vertex 0 -0.006427400279790163 -0.015031225048005581
			vertex 0.0020000000949949026 -0.006500000134110451 -0.01600000075995922
			vertex 0.0020000000949949026 -0.006427400279790163 -0.015031225048005581
		endloop
	endfacet
	facet normal 0 -0.9749278838674494 0.22252105800965663
		outer loop
			vertex 0 -0.00621122308075428 -0.014084091410040855
			vertex 0.0020000000949949026 -0.006427400279790163 -0.015031225048005581
			vertex 0.0020000000949949026 -0.00621122308075428 -0.014084091410040855
		endloop
	endfacet
	facet normal 0 -0.9749278838674494 0.22252105800965663
		outer loop
			vertex 0 -0.00621122308075428 -0.014084091410040855
			vertex 0 -0.006427400279790163 -0.015031225048005581
			vertex 0.0020000000949949026 -0.006427400279790163 -0.015031225048005581
		endloop
	endfacet
	facet normal 0 -0.9308737305040012 0.365341070586875
		outer loop
			vertex 0 -0.005856297444552183 -0.01317975576967001
			vertex 0.0020000000949949026 -0.00621122308075428 -0.014084091410040855
			vertex 0.0020000000949949026 -0.005856297444552183 -0.01317975576967001
		endloop
	endfacet
	facet normal 0 -0.9308737305040012 0.365341070586875
		outer loop
			vertex 0 -0.005856297444552183 -0.01317975576967001
			vertex 0 -0.00621122308075428 -0.014084091410040855
			vertex 0.0020000000949949026 -0.00621122308075428 -0.014084091410040855
		endloop
	endfacet
	facet normal 0 -0.866025624406337 0.4999996178714682
		outer loop
			vertex 0 -0.005370552185922861 -0.012338419444859028
			vertex 0.0020000000949949026 -0.005856297444552183 -0.01317975576967001
			vertex 0.0020000000949949026 -0.005370552185922861 -0.012338419444859028
		endloop
	endfacet
	facet normal 0 -0.866025624406337 0.4999996178714682
		outer loop
			vertex 0 -0.005370552185922861 -0.012338419444859028
			vertex 0 -0.005856297444552183 -0.01317975576967001
			vertex 0.0020000000949949026 -0.005856297444552183 -0.01317975576967001
		endloop
	endfacet
	facet normal 0 -0.7818312568746133 0.6234900847438254
		outer loop
			vertex 0 -0.004764837212860584 -0.011578877456486225
			vertex 0.0020000000949949026 -0.005370552185922861 -0.012338419444859028
			vertex 0.0020000000949949026 -0.004764837212860584 -0.011578877456486225
		endloop
	endfacet
	facet normal 0 -0.7818312568746133 0.6234900847438254
		outer loop
			vertex 0 -0.004764837212860584 -0.011578877456486225
			vertex 0 -0.005370552185922861 -0.012338419444859028
			vertex 0.0020000000949949026 -0.005370552185922861 -0.012338419444859028
		endloop
	endfacet
	facet normal 0 -0.6801726627964556 0.7330519413959554
		outer loop
			vertex 0 -0.004052683711051941 -0.010918095707893372
			vertex 0.0020000000949949026 -0.004764837212860584 -0.011578877456486225
			vertex 0.0020000000949949026 -0.004052683711051941 -0.010918095707893372
		endloop
	endfacet
	facet normal 0 -0.6801726627964556 0.7330519413959554
		outer loop
			vertex 0 -0.004052683711051941 -0.010918095707893372
			vertex 0 -0.004764837212860584 -0.011578877456486225
			vertex 0.0020000000949949026 -0.004764837212860584 -0.011578877456486225
		endloop
	endfacet
	facet normal 0 -0.5633204341440343 0.826238517908586
		outer loop
			vertex 0 -0.0032500000670552254 -0.010370834730565548
			vertex 0.0020000000949949026 -0.004052683711051941 -0.010918095707893372
			vertex 0.0020000000949949026 -0.0032500000670552254 -0.010370834730565548
		endloop
	endfacet
	facet normal 0 -0.5633204341440343 0.826238517908586
		outer loop
			vertex 0 -0.0032500000670552254 -0.010370834730565548
			vertex 0 -0.004052683711051941 -0.010918095707893372
			vertex 0.0020000000949949026 -0.004052683711051941 -0.010918095707893372
		endloop
	endfacet
	facet normal 0 -0.43388330984778795 0.9009690746277191
		outer loop
			vertex 0 -0.002374716568738222 -0.009949320927262306
			vertex 0.0020000000949949026 -0.0032500000670552254 -0.010370834730565548
			vertex 0.0020000000949949026 -0.002374716568738222 -0.009949320927262306
		endloop
	endfacet
	facet normal 0 -0.43388330984778795 0.9009690746277191
		outer loop
			vertex 0 -0.002374716568738222 -0.009949320927262306
			vertex 0 -0.0032500000670552254 -0.010370834730565548
			vertex 0.0020000000949949026 -0.0032500000670552254 -0.010370834730565548
		endloop
	endfacet
	facet normal 0 -0.2947559212744793 0.9555725754089184
		outer loop
			vertex 0 -0.0014463861007243395 -0.00966296810656786
			vertex 0.0020000000949949026 -0.002374716568738222 -0.009949320927262306
			vertex 0.0020000000949949026 -0.0014463861007243395 -0.00966296810656786
		endloop
	endfacet
	facet normal 0 -0.2947559212744793 0.9555725754089184
		outer loop
			vertex 0 -0.0014463861007243395 -0.00966296810656786
			vertex 0 -0.002374716568738222 -0.009949320927262306
			vertex 0.0020000000949949026 -0.002374716568738222 -0.009949320927262306
		endloop
	endfacet
	facet normal 0 -0.1490417262910768 0.9888309075995633
		outer loop
			vertex 0 -0.00048574560787528753 -0.009518175385892391
			vertex 0.0020000000949949026 -0.0014463861007243395 -0.00966296810656786
			vertex 0.0020000000949949026 -0.00048574560787528753 -0.009518175385892391
		endloop
	endfacet
	facet normal 0 -0.1490417262910768 0.9888309075995633
		outer loop
			vertex 0 -0.00048574560787528753 -0.009518175385892391
			vertex 0 -0.0014463861007243395 -0.00966296810656786
			vertex 0.0020000000949949026 -0.0014463861007243395 -0.00966296810656786
		endloop
	endfacet
	facet normal 0 0 1
		outer loop
			vertex 0 0.00048574560787528753 -0.009518175385892391
			vertex 0.0020000000949949026 -0.00048574560787528753 -0.009518175385892391
			vertex 0.0020000000949949026 0.00048574560787528753 -0.009518175385892391
		endloop
	endfacet
	facet normal 0 0 1
		outer loop
			vertex 0 0.00048574560787528753 -0.009518175385892391
			vertex 0 -0.00048574560787528753 -0.009518175385892391
			vertex 0.0020000000949949026 -0.00048574560787528753 -0.009518175385892391
		endloop
	endfacet
	facet normal 0 0.1490417262910768 0.9888309075995633
		outer loop
			vertex 0 0.0014463861007243395 -0.00966296810656786
			vertex 0.0020000000949949026 0.00048574560787528753 -0.009518175385892391
			vertex 0.0020000000949949026 0.0014463861007243395 -0.00966296810656786
		endloop
	endfacet
	facet normal 0 0.1490417262910768 0.9888309075995633
		outer loop
			vertex 0 0.0014463861007243395 -0.00966296810656786
			vertex 0 0.00048574560787528753 -0.009518175385892391
			vertex 0.0020000000949949026 0.00048574560787528753 -0.009518175385892391
		endloop
	endfacet
	facet normal 0 0.2947559212744793 0.9555725754089184
		outer loop
			vertex 0 0.002374716568738222 -0.009949320927262306
			vertex 0.0020000000949949026 0.0014463861007243395 -0.00966296810656786
			vertex 0.0020000000949949026 0.002374716568738222 -0.009949320927262306
		endloop
	endfacet
	facet normal 0 0.2947559212744793 0.9555725754089184
		outer loop
			vertex 0 0.002374716568738222 -0.009949320927262306
			vertex 0 0.0014463861007243395 -0.00966296810656786
			vertex 0.0020000000949949026 0.0014463861007243395 -0.00966296810656786
		endloop
	endfacet
	facet normal 0 0.43388330984778795 0.9009690746277191
		outer loop
			vertex 0 0.0032500000670552254 -0.010370834730565548
			vertex 0 0.002374716568738222 -0.009949320927262306
			vertex 0.0020000000949949026 0.002374716568738222 -0.009949320927262306
		endloop
	endfacet
	facet normal 0 0.43388330984778795 0.9009690746277191
		outer loop
			vertex 0 0.0032500000670552254 -0.010370834730565548
			vertex 0.0020000000949949026 0.002374716568738222 -0.009949320927262306
			vertex 0.0020000000949949026 0.0032500000670552254 -0.010370834730565548
		endloop
	endfacet
	facet normal 0 0.5633204341440343 0.826238517908586
		outer loop
			vertex 0 0.004052683711051941 -0.010918095707893372
			vertex 0.0020000000949949026 0.0032500000670552254 -0.010370834730565548
			vertex 0.0020000000949949026 0.004052683711051941 -0.010918095707893372
		endloop
	endfacet
	facet normal 0 0.5633204341440343 0.826238517908586
		outer loop
			vertex 0 0.004052683711051941 -0.010918095707893372
			vertex 0 0.0032500000670552254 -0.010370834730565548
			vertex 0.0020000000949949026 0.0032500000670552254 -0.010370834730565548
		endloop
	endfacet
	facet normal 0 0.6801726627964556 0.7330519413959554
		outer loop
			vertex 0 0.004764837212860584 -0.011578877456486225
			vertex 0.0020000000949949026 0.004052683711051941 -0.010918095707893372
			vertex 0.0020000000949949026 0.004764837212860584 -0.011578877456486225
		endloop
	endfacet
	facet normal 0 0.6801726627964556 0.7330519413959554
		outer loop
			vertex 0 0.004764837212860584 -0.011578877456486225
			vertex 0 0.004052683711051941 -0.010918095707893372
			vertex 0.0020000000949949026 0.004052683711051941 -0.010918095707893372
		endloop
	endfacet
	facet normal 0 0.7818312568746133 0.6234900847438254
		outer loop
			vertex 0 0.005370552185922861 -0.012338419444859028
			vertex 0.0020000000949949026 0.004764837212860584 -0.011578877456486225
			vertex 0.0020000000949949026 0.005370552185922861 -0.012338419444859028
		endloop
	endfacet
	facet normal 0 0.7818312568746133 0.6234900847438254
		outer loop
			vertex 0 0.005370552185922861 -0.012338419444859028
			vertex 0 0.004764837212860584 -0.011578877456486225
			vertex 0.0020000000949949026 0.004764837212860584 -0.011578877456486225
		endloop
	endfacet
	facet normal 0 0.866025624406337 0.4999996178714682
		outer loop
			vertex 0 0.005856297444552183 -0.01317975576967001
			vertex 0.0020000000949949026 0.005370552185922861 -0.012338419444859028
			vertex 0.0020000000949949026 0.005856297444552183 -0.01317975576967001
		endloop
	endfacet
	facet normal 0 0.866025624406337 0.4999996178714682
		outer loop
			vertex 0 0.005856297444552183 -0.01317975576967001
			vertex 0 0.005370552185922861 -0.012338419444859028
			vertex 0.0020000000949949026 0.005370552185922861 -0.012338419444859028
		endloop
	endfacet
	facet normal 0 0.9308737305040012 0.365341070586875
		outer loop
			vertex 0 0.00621122308075428 -0.014084091410040855
			vertex 0.0020000000949949026 0.005856297444552183 -0.01317975576967001
			vertex 0.0020000000949949026 0.00621122308075428 -0.014084091410040855
		endloop
	endfacet
	facet normal 0 0.9308737305040012 0.365341070586875
		outer loop
			vertex 0 0.00621122308075428 -0.014084091410040855
			vertex 0 0.005856297444552183 -0.01317975576967001
			vertex 0.0020000000949949026 0.005856297444552183 -0.01317975576967001
		endloop
	endfacet
	facet normal 0 0.9749278838674494 0.22252105800965663
		outer loop
			vertex 0 0.006427400279790163 -0.015031225048005581
			vertex 0.0020000000949949026 0.00621122308075428 -0.014084091410040855
			vertex 0.0020000000949949026 0.006427400279790163 -0.015031225048005581
		endloop
	endfacet
	facet normal 0 0.9749278838674494 0.22252105800965663
		outer loop
			vertex 0 0.006427400279790163 -0.015031225048005581
			vertex 0 0.00621122308075428 -0.014084091410040855
			vertex 0.0020000000949949026 0.00621122308075428 -0.014084091410040855
		endloop
	endfacet
	facet normal 0 0.997203785582377 0.07473024836153663
		outer loop
			vertex 0 0.006500000134110451 -0.01600000075995922
			vertex 0.0020000000949949026 0.006427400279790163 -0.015031225048005581
			vertex 0.0020000000949949026 0.006500000134110451 -0.01600000075995922
		endloop
	endfacet
	facet normal 0 0.997203785582377 0.07473024836153663
		outer loop
			vertex 0 0.006500000134110451 -0.01600000075995922
			vertex 0 0.006427400279790163 -0.015031225048005581
			vertex 0.0020000000949949026 0.006427400279790163 -0.015031225048005581
		endloop
	endfacet
	facet normal 0 -1 0
		outer loop
			vertex 0 -0.006500000134110451 -0.027000000700354576
			vertex 0.0020000000949949026 -0.006500000134110451 -0.01600000075995922
			vertex 0 -0.006500000134110451 -0.01600000075995922
		endloop
	endfacet
	facet normal 0 -1 0
		outer loop
			vertex 0 -0.006500000134110451 -0.027000000700354576
			vertex 0.0020000000949949026 -0.006500000134110451 -0.027000000700354576
			vertex 0.0020000000949949026 -0.006500000134110451 -0.01600000075995922
		endloop
	endfacet
	facet normal 0 -1 0
		outer loop
			vertex 0.0020000000949949026 -0.004000000189989805 -0.03500000014901161
			vertex -0.0020000000949949026 -0.004000000189989805 -0.032999999821186066
			vertex -0.0020000000949949026 -0.004000000189989805 -0.03500000014901161
		endloop
	endfacet
	facet normal 0 -1 0
		outer loop
			vertex 0.0020000000949949026 -0.004000000189989805 -0.03500000014901161
			vertex 0.0020000000949949026 -0.004000000189989805 -0.032999999821186066
			vertex -0.0020000000949949026 -0.004000000189989805 -0.032999999821186066
		endloop
	endfacet
	facet normal 0 -1 0
		outer loop
			vertex 0.0020000000949949026 -0.004000000189989805 -0.008999999612569809
			vertex -0.0020000000949949026 -0.004000000189989805 -0.007000000216066837
			vertex -0.0020000000949949026 -0.004000000189989805 -0.008999999612569809
		endloop
	endfacet
	facet normal 0 -1 0
		outer loop
			vertex 0.0020000000949949026 -0.004000000189989805 -0.008999999612569809
			vertex 0.0020000000949949026 -0.004000000189989805 -0.007000000216066837
			vertex -0.0020000000949949026 -0.004000000189989805 -0.007000000216066837
		endloop
	endfacet
	facet normal 0 -1 0
		outer loop
			vertex 0.008999999612569809 -0.004000000189989805 -0.0020000000949949026
			vertex 0.008999999612569809 -0.004000000189989805 0.0020000000949949026
			vertex 0.007000000216066837 -0.004000000189989805 0.0020000000949949026
		endloop
	endfacet
	facet normal 0 -1 0
		outer loop
			vertex 0.008999999612569809 -0.004000000189989805 -0.0020000000949949026
			vertex 0.007000000216066837 -0.004000000189989805 0.0020000000949949026
			vertex 0.007000000216066837 -0.004000000189989805 -0.0020000000949949026
		endloop
	endfacet
	facet normal 0 -1 0
		outer loop
			vertex 0.03500000014901161 -0.004000000189989805 -0.0020000000949949026
			vertex 0.03500000014901161 -0.004000000189989805 0.0020000000949949026
			vertex 0.032999999821186066 -0.004000000189989805 0.0020000000949949026
		endloop
	endfacet
	facet normal 0 -1 0
		outer loop
			vertex 0.03500000014901161 -0.004000000189989805 -0.0020000000949949026
			vertex 0.032999999821186066 -0.004000000189989805 0.0020000000949949026
			vertex 0.032999999821186066 -0.004000000189989805 -0.0020000000949949026
		endloop
	endfacet
	facet normal 0 0 -1
		outer loop
			vertex 0.0020000000949949026 -0.004000000189989805 -0.03500000014901161
			vertex -0.0020000000949949026 -0.004000000189989805 -0.03500000014901161
			vertex -0.0020000000949949026 0.004000000189989805 -0.03500000014901161
		endloop
	endfacet
	facet normal 0 0 -1
		outer loop
			vertex 0.0020000000949949026 -0.004000000189989805 -0.03500000014901161
			vertex -0.0020000000949949026 0.004000000189989805 -0.03500000014901161
			vertex 0.0020000000949949026 0.004000000189989805 -0.03500000014901161
		endloop
	endfacet
	facet normal -1 0 0
		outer loop
			vertex -0.0020000000949949026 -0.004000000189989805 -0.03500000014901161
			vertex -0.0020000000949949026 -0.004000000189989805 -0.032999999821186066
			vertex -0.0020000000949949026 0.004000000189989805 -0.032999999821186066
		endloop
	endfacet
	facet normal -1 0 0
		outer loop
			vertex -0.0020000000949949026 -0.004000000189989805 -0.03500000014901161
			vertex -0.0020000000949949026 0.004000000189989805 -0.032999999821186066
			vertex -0.0020000000949949026 0.004000000189989805 -0.03500000014901161
		endloop
	endfacet
	facet normal 0 0 1
		outer loop
			vertex -0.0020000000949949026 -0.004000000189989805 -0.007000000216066837
			vertex 0.0020000000949949026 -0.004000000189989805 -0.007000000216066837
			vertex 0.0020000000949949026 0.004000000189989805 -0.007000000216066837
		endloop
	endfacet
	facet normal 0 0 1
		outer loop
			vertex -0.0020000000949949026 -0.004000000189989805 -0.007000000216066837
			vertex 0.0020000000949949026 0.004000000189989805 -0.007000000216066837
			vertex -0.0020000000949949026 0.004000000189989805 -0.007000000216066837
		endloop
	endfacet
	facet normal -1 0 0
		outer loop
			vertex -0.0020000000949949026 -0.004000000189989805 -0.008999999612569809
			vertex -0.0020000000949949026 -0.004000000189989805 -0.007000000216066837
			vertex -0.0020000000949949026 0.004000000189989805 -0.007000000216066837
		endloop
	endfacet
	facet normal -1 0 0
		outer loop
			vertex -0.0020000000949949026 -0.004000000189989805 -0.008999999612569809
			vertex -0.0020000000949949026 0.004000000189989805 -0.007000000216066837
			vertex -0.0020000000949949026 0.004000000189989805 -0.008999999612569809
		endloop
	endfacet
	facet normal 0 0 -1
		outer loop
			vertex 0.0020000000949949026 -0.004000000189989805 -0.008999999612569809
			vertex -0.0020000000949949026 -0.004000000189989805 -0.008999999612569809
			vertex -0.0020000000949949026 0.004000000189989805 -0.008999999612569809
		endloop
	endfacet
	facet normal 0 0 -1
		outer loop
			vertex 0.0020000000949949026 -0.004000000189989805 -0.008999999612569809
			vertex -0.0020000000949949026 0.004000000189989805 -0.008999999612569809
			vertex 0.0020000000949949026 0.004000000189989805 -0.008999999612569809
		endloop
	endfacet
	facet normal 1 0 0
		outer loop
			vertex 0.008999999612569809 -0.004000000189989805 0.0020000000949949026
			vertex 0.008999999612569809 -0.004000000189989805 -0.0020000000949949026
			vertex 0.008999999612569809 0.004000000189989805 -0.0020000000949949026
		endloop
	endfacet
	facet normal 1 0 0
		outer loop
			vertex 0.008999999612569809 -0.004000000189989805 0.0020000000949949026
			vertex 0.008999999612569809 0.004000000189989805 -0.0020000000949949026
			vertex 0.008999999612569809 0.004000000189989805 0.0020000000949949026
		endloop
	endfacet
	facet normal 0 0 1
		outer loop
			vertex 0.0035000001080334187 -0.014000000432133675 -0.0020000000949949026
			vertex 0.0364999994635582 -0.014000000432133675 -0.0020000000949949026
			vertex 0.0364999994635582 -0.009999999776482582 -0.0020000000949949026
		endloop
	endfacet
	facet normal 0 0 1
		outer loop
			vertex 0.0035000001080334187 -0.014000000432133675 -0.0020000000949949026
			vertex 0.0364999994635582 -0.009999999776482582 -0.0020000000949949026
			vertex 0.0035000001080334187 -0.009999999776482582 -0.0020000000949949026
		endloop
	endfacet
	facet normal 0 0 1
		outer loop
			vertex 0.032999999821186066 0.004000000189989805 -0.0020000000949949026
			vertex 0.03500000014901161 0.004000000189989805 -0.0020000000949949026
			vertex 0.0364999994635582 0.00800000037997961 -0.0020000000949949026
		endloop
	endfacet
	facet normal 0 0 1
		outer loop
			vertex 0.031358830630779266 0.004821885842829943 -0.0020000000949949026
			vertex 0.032999999821186066 0.004000000189989805 -0.0020000000949949026
			vertex 0.0364999994635582 0.00800000037997961 -0.0020000000949949026
		endloop
	endfacet
	facet normal 0 0 1
		outer loop
			vertex 0.03201809152960777 0.004131434950977564 -0.0020000000949949026
			vertex 0.032999999821186066 0.004000000189989805 -0.0020000000949949026
			vertex 0.031358830630779266 0.004821885842829943 -0.0020000000949949026
		endloop
	endfacet
	facet normal 0 0 1
		outer loop
			vertex 0.030605550855398178 0.005408327095210552 -0.0020000000949949026
			vertex 0.031358830630779266 0.004821885842829943 -0.0020000000949949026
			vertex 0.0364999994635582 0.00800000037997961 -0.0020000000949949026
		endloop
	endfacet
	facet normal 0 0 1
		outer loop
			vertex 0.03256911039352417 0.0033518678974360228 -0.0020000000949949026
			vertex 0.032999999821186066 0.004000000189989805 -0.0020000000949949026
			vertex 0.03201809152960777 0.004131434950977564 -0.0020000000949949026
		endloop
	endfacet
	facet normal 0 0 1
		outer loop
			vertex 0.0297744981944561 0.005878109019249678 -0.0020000000949949026
			vertex 0.030605550855398178 0.005408327095210552 -0.0020000000949949026
			vertex 0.0364999994635582 0.00800000037997961 -0.0020000000949949026
		endloop
	endfacet
	facet normal 0 0 1
		outer loop
			vertex 0.032999999821186066 0.0024999999441206455 -0.0020000000949949026
			vertex 0.032999999821186066 0.004000000189989805 -0.0020000000949949026
			vertex 0.03256911039352417 0.0033518678974360228 -0.0020000000949949026
		endloop
	endfacet
	facet normal 0 0 1
		outer loop
			vertex 0.028883596882224083 0.006221098359674215 -0.0020000000949949026
			vertex 0.0297744981944561 0.005878109019249678 -0.0020000000949949026
			vertex 0.0364999994635582 0.00800000037997961 -0.0020000000949949026
		endloop
	endfacet
	facet normal 0 0 1
		outer loop
			vertex 0.02795206755399704 0.00642989668995142 -0.0020000000949949026
			vertex 0.028883596882224083 0.006221098359674215 -0.0020000000949949026
			vertex 0.0364999994635582 0.00800000037997961 -0.0020000000949949026
		endloop
	endfacet
	facet normal 0 0 1
		outer loop
			vertex 0.027000000700354576 0.006500000134110451 -0.0020000000949949026
			vertex 0.02795206755399704 0.00642989668995142 -0.0020000000949949026
			vertex 0.0364999994635582 0.00800000037997961 -0.0020000000949949026
		endloop
	endfacet
	facet normal 0 0 1
		outer loop
			vertex 0.032999999821186066 -0.004000000189989805 -0.0020000000949949026
			vertex 0.032999999821186066 -0.0024999999441206455 -0.0020000000949949026
			vertex 0.03256911039352417 -0.0033518678974360228 -0.0020000000949949026
		endloop
	endfacet
	facet normal 0 0 1
		outer loop
			vertex 0.0364999994635582 -0.00800000037997961 -0.0020000000949949026
			vertex 0.03500000014901161 0.004000000189989805 -0.0020000000949949026
			vertex 0.03500000014901161 -0.004000000189989805 -0.0020000000949949026
		endloop
	endfacet
	facet normal 0 0 1
		outer loop
			vertex 0.0364999994635582 -0.00800000037997961 -0.0020000000949949026
			vertex 0.03500000014901161 -0.004000000189989805 -0.0020000000949949026
			vertex 0.032999999821186066 -0.004000000189989805 -0.0020000000949949026
		endloop
	endfacet
	facet normal 0 0 1
		outer loop
			vertex 0.0364999994635582 -0.00800000037997961 -0.0020000000949949026
			vertex 0.0364999994635582 0.00800000037997961 -0.0020000000949949026
			vertex 0.03500000014901161 0.004000000189989805 -0.0020000000949949026
		endloop
	endfacet
	facet normal 0 0 1
		outer loop
			vertex 0.03201809152960777 -0.004131434950977564 -0.0020000000949949026
			vertex 0.032999999821186066 -0.004000000189989805 -0.0020000000949949026
			vertex 0.03256911039352417 -0.0033518678974360228 -0.0020000000949949026
		endloop
	endfacet
	facet normal 0 0 1
		outer loop
			vertex 0.031358830630779266 -0.004821885842829943 -0.0020000000949949026
			vertex 0.0364999994635582 -0.00800000037997961 -0.0020000000949949026
			vertex 0.032999999821186066 -0.004000000189989805 -0.0020000000949949026
		endloop
	endfacet
	facet normal 0 0 1
		outer loop
			vertex 0.031358830630779266 -0.004821885842829943 -0.0020000000949949026
			vertex 0.032999999821186066 -0.004000000189989805 -0.0020000000949949026
			vertex 0.03201809152960777 -0.004131434950977564 -0.0020000000949949026
		endloop
	endfacet
	facet normal 0 0 1
		outer loop
			vertex 0.030605550855398178 -0.005408327095210552 -0.0020000000949949026
			vertex 0.0364999994635582 -0.00800000037997961 -0.0020000000949949026
			vertex 0.031358830630779266 -0.004821885842829943 -0.0020000000949949026
		endloop
	endfacet
	facet normal 0 0 1
		outer loop
			vertex 0.0297744981944561 -0.005878109019249678 -0.0020000000949949026
			vertex 0.0364999994635582 -0.00800000037997961 -0.0020000000949949026
			vertex 0.030605550855398178 -0.005408327095210552 -0.0020000000949949026
		endloop
	endfacet
	facet normal 0 0 1
		outer loop
			vertex 0.028883596882224083 -0.006221098359674215 -0.0020000000949949026
			vertex 0.0364999994635582 -0.00800000037997961 -0.0020000000949949026
			vertex 0.0297744981944561 -0.005878109019249678 -0.0020000000949949026
		endloop
	endfacet
	facet normal 0 0 1
		outer loop
			vertex 0.01600000075995922 0.006500000134110451 -0.0020000000949949026
			vertex 0.027000000700354576 0.006500000134110451 -0.0020000000949949026
			vertex 0.0364999994635582 0.00800000037997961 -0.0020000000949949026
		endloop
	endfacet
	facet normal 0 0 1
		outer loop
			vertex 0.02795206755399704 -0.00642989668995142 -0.0020000000949949026
			vertex 0.0364999994635582 -0.00800000037997961 -0.0020000000949949026
			vertex 0.028883596882224083 -0.006221098359674215 -0.0020000000949949026
		endloop
	endfacet
	facet normal 0 0 1
		outer loop
			vertex 0.008999999612569809 0.004000000189989805 -0.0020000000949949026
			vertex 0.010370834730565548 0.0032500000670552254 -0.0020000000949949026
			vertex 0.010918095707893372 0.004052683711051941 -0.0020000000949949026
		endloop
	endfacet
	facet normal 0 0 1
		outer loop
			vertex 0.008999999612569809 0.004000000189989805 -0.0020000000949949026
			vertex 0.010918095707893372 0.004052683711051941 -0.0020000000949949026
			vertex 0.011578877456486225 0.004764837212860584 -0.0020000000949949026
		endloop
	endfacet
	facet normal 0 0 1
		outer loop
			vertex 0.008999999612569809 0.004000000189989805 -0.0020000000949949026
			vertex 0.011578877456486225 0.004764837212860584 -0.0020000000949949026
			vertex 0.012338419444859028 0.005370552185922861 -0.0020000000949949026
		endloop
	endfacet
	facet normal 0 0 1
		outer loop
			vertex 0.009949320927262306 0.002374716568738222 -0.0020000000949949026
			vertex 0.010370834730565548 0.0032500000670552254 -0.0020000000949949026
			vertex 0.008999999612569809 0.004000000189989805 -0.0020000000949949026
		endloop
	endfacet
	facet normal 0 0 1
		outer loop
			vertex 0.0035000001080334187 0.00800000037997961 -0.0020000000949949026
			vertex 0.01600000075995922 0.006500000134110451 -0.0020000000949949026
			vertex 0.0364999994635582 0.00800000037997961 -0.0020000000949949026
		endloop
	endfacet
	facet normal 0 0 1
		outer loop
			vertex 0.0035000001080334187 0.00800000037997961 -0.0020000000949949026
			vertex 0.008999999612569809 0.004000000189989805 -0.0020000000949949026
			vertex 0.012338419444859028 0.005370552185922861 -0.0020000000949949026
		endloop
	endfacet
	facet normal 0 0 1
		outer loop
			vertex 0.0035000001080334187 0.00800000037997961 -0.0020000000949949026
			vertex 0.012338419444859028 0.005370552185922861 -0.0020000000949949026
			vertex 0.01317975576967001 0.005856297444552183 -0.0020000000949949026
		endloop
	endfacet
	facet normal 0 0 1
		outer loop
			vertex 0.0035000001080334187 0.00800000037997961 -0.0020000000949949026
			vertex 0.01317975576967001 0.005856297444552183 -0.0020000000949949026
			vertex 0.014084091410040855 0.00621122308075428 -0.0020000000949949026
		endloop
	endfacet
	facet normal 0 0 1
		outer loop
			vertex 0.0035000001080334187 0.00800000037997961 -0.0020000000949949026
			vertex 0.014084091410040855 0.00621122308075428 -0.0020000000949949026
			vertex 0.015031225048005581 0.006427400279790163 -0.0020000000949949026
		endloop
	endfacet
	facet normal 0 0 1
		outer loop
			vertex 0.0035000001080334187 0.00800000037997961 -0.0020000000949949026
			vertex 0.015031225048005581 0.006427400279790163 -0.0020000000949949026
			vertex 0.01600000075995922 0.006500000134110451 -0.0020000000949949026
		endloop
	endfacet
	facet normal 0 0 1
		outer loop
			vertex 0.00966296810656786 0.0014463861007243395 -0.0020000000949949026
			vertex 0.009949320927262306 0.002374716568738222 -0.0020000000949949026
			vertex 0.008999999612569809 0.004000000189989805 -0.0020000000949949026
		endloop
	endfacet
	facet normal 0 0 1
		outer loop
			vertex 0.007000000216066837 0.004000000189989805 -0.0020000000949949026
			vertex 0.008999999612569809 0.004000000189989805 -0.0020000000949949026
			vertex 0.0035000001080334187 0.00800000037997961 -0.0020000000949949026
		endloop
	endfacet
	facet normal 0 0 1
		outer loop
			vertex 0.008999999612569809 -0.004000000189989805 -0.0020000000949949026
			vertex 0.012338419444859028 -0.005370552185922861 -0.0020000000949949026
			vertex 0.011578877456486225 -0.004764837212860584 -0.0020000000949949026
		endloop
	endfacet
	facet normal 0 0 1
		outer loop
			vertex 0.008999999612569809 -0.004000000189989805 -0.0020000000949949026
			vertex 0.011578877456486225 -0.004764837212860584 -0.0020000000949949026
			vertex 0.010918095707893372 -0.004052683711051941 -0.0020000000949949026
		endloop
	endfacet
	facet normal 0 0 1
		outer loop
			vertex 0.008999999612569809 -0.004000000189989805 -0.0020000000949949026
			vertex 0.010918095707893372 -0.004052683711051941 -0.0020000000949949026
			vertex 0.010370834730565548 -0.0032500000670552254 -0.0020000000949949026
		endloop
	endfacet
	facet normal 0 0 1
		outer loop
			vertex 0.008999999612569809 -0.004000000189989805 -0.0020000000949949026
			vertex 0.010370834730565548 -0.0032500000670552254 -0.0020000000949949026
			vertex 0.009949320927262306 -0.002374716568738222 -0.0020000000949949026
		endloop
	endfacet
	facet normal 0 0 1
		outer loop
			vertex 0.008999999612569809 -0.004000000189989805 -0.0020000000949949026
			vertex 0.009949320927262306 -0.002374716568738222 -0.0020000000949949026
			vertex 0.00966296810656786 -0.0014463861007243395 -0.0020000000949949026
		endloop
	endfacet
	facet normal 0 0 1
		outer loop
			vertex 0.0035000001080334187 -0.00800000037997961 -0.0020000000949949026
			vertex 0.008999999612569809 -0.004000000189989805 -0.0020000000949949026
			vertex 0.007000000216066837 -0.004000000189989805 -0.0020000000949949026
		endloop
	endfacet
	facet normal 0 0 1
		outer loop
			vertex 0.0035000001080334187 -0.00800000037997961 -0.0020000000949949026
			vertex 0.007000000216066837 -0.004000000189989805 -0.0020000000949949026
			vertex 0.007000000216066837 0.004000000189989805 -0.0020000000949949026
		endloop
	endfacet
	facet normal 0 0 1
		outer loop
			vertex 0.0035000001080334187 -0.00800000037997961 -0.0020000000949949026
			vertex 0.015031225048005581 -0.006427400279790163 -0.0020000000949949026
			vertex 0.014084091410040855 -0.00621122308075428 -0.0020000000949949026
		endloop
	endfacet
	facet normal 0 0 1
		outer loop
			vertex 0.0035000001080334187 -0.00800000037997961 -0.0020000000949949026
			vertex 0.014084091410040855 -0.00621122308075428 -0.0020000000949949026
			vertex 0.01317975576967001 -0.005856297444552183 -0.0020000000949949026
		endloop
	endfacet
	facet normal 0 0 1
		outer loop
			vertex 0.0035000001080334187 -0.00800000037997961 -0.0020000000949949026
			vertex 0.01317975576967001 -0.005856297444552183 -0.0020000000949949026
			vertex 0.012338419444859028 -0.005370552185922861 -0.0020000000949949026
		endloop
	endfacet
	facet normal 0 0 1
		outer loop
			vertex 0.0035000001080334187 -0.00800000037997961 -0.0020000000949949026
			vertex 0.007000000216066837 0.004000000189989805 -0.0020000000949949026
			vertex 0.0035000001080334187 0.00800000037997961 -0.0020000000949949026
		endloop
	endfacet
	facet normal 0 0 1
		outer loop
			vertex 0.0035000001080334187 -0.00800000037997961 -0.0020000000949949026
			vertex 0.012338419444859028 -0.005370552185922861 -0.0020000000949949026
			vertex 0.008999999612569809 -0.004000000189989805 -0.0020000000949949026
		endloop
	endfacet
	facet normal 0 0 1
		outer loop
			vertex 0.0035000001080334187 -0.00800000037997961 -0.0020000000949949026
			vertex 0.0364999994635582 -0.00800000037997961 -0.0020000000949949026
			vertex 0.027000000700354576 -0.006500000134110451 -0.0020000000949949026
		endloop
	endfacet
	facet normal 0 0 1
		outer loop
			vertex 0.027000000700354576 -0.006500000134110451 -0.0020000000949949026
			vertex 0.0364999994635582 -0.00800000037997961 -0.0020000000949949026
			vertex 0.02795206755399704 -0.00642989668995142 -0.0020000000949949026
		endloop
	endfacet
	facet normal 0 0 1
		outer loop
			vertex 0.0035000001080334187 -0.00800000037997961 -0.0020000000949949026
			vertex 0.027000000700354576 -0.006500000134110451 -0.0020000000949949026
			vertex 0.01600000075995922 -0.006500000134110451 -0.0020000000949949026
		endloop
	endfacet
	facet normal 0 0 1
		outer loop
			vertex 0.0035000001080334187 -0.00800000037997961 -0.0020000000949949026
			vertex 0.01600000075995922 -0.006500000134110451 -0.0020000000949949026
			vertex 0.015031225048005581 -0.006427400279790163 -0.0020000000949949026
		endloop
	endfacet
	facet normal 0 0 1
		outer loop
			vertex 0.008999999612569809 0.004000000189989805 -0.0020000000949949026
			vertex 0.008999999612569809 -0.004000000189989805 -0.0020000000949949026
			vertex 0.009518175385892391 -0.00048574560787528753 -0.0020000000949949026
		endloop
	endfacet
	facet normal 0 0 1
		outer loop
			vertex 0.009518175385892391 -0.00048574560787528753 -0.0020000000949949026
			vertex 0.008999999612569809 -0.004000000189989805 -0.0020000000949949026
			vertex 0.00966296810656786 -0.0014463861007243395 -0.0020000000949949026
		endloop
	endfacet
	facet normal 0 0 1
		outer loop
			vertex 0.008999999612569809 0.004000000189989805 -0.0020000000949949026
			vertex 0.009518175385892391 -0.00048574560787528753 -0.0020000000949949026
			vertex 0.009518175385892391 0.00048574560787528753 -0.0020000000949949026
		endloop
	endfacet
	facet normal 0 0 1
		outer loop
			vertex 0.008999999612569809 0.004000000189989805 -0.0020000000949949026
			vertex 0.009518175385892391 0.00048574560787528753 -0.0020000000949949026
			vertex 0.00966296810656786 0.0014463861007243395 -0.0020000000949949026
		endloop
	endfacet
	facet normal 0 0 1
		outer loop
			vertex 0.0035000001080334187 0.009999999776482582 -0.0020000000949949026
			vertex 0.0364999994635582 0.009999999776482582 -0.0020000000949949026
			vertex 0.0364999994635582 0.014000000432133675 -0.0020000000949949026
		endloop
	endfacet
	facet normal 0 0 1
		outer loop
			vertex 0.0035000001080334187 0.009999999776482582 -0.0020000000949949026
			vertex 0.0364999994635582 0.014000000432133675 -0.0020000000949949026
			vertex 0.0035000001080334187 0.014000000432133675 -0.0020000000949949026
		endloop
	endfacet
	facet normal 0 1 0
		outer loop
			vertex 0.0364999994635582 -0.014000000432133675 0
			vertex 0.0035000001080334187 -0.014000000432133675 -0.0020000000949949026
			vertex 0.0035000001080334187 -0.014000000432133675 0
		endloop
	endfacet
	facet normal 0 1 0
		outer loop
			vertex 0.0364999994635582 -0.014000000432133675 0
			vertex 0.0364999994635582 -0.014000000432133675 -0.0020000000949949026
			vertex 0.0035000001080334187 -0.014000000432133675 -0.0020000000949949026
		endloop
	endfacet
	facet normal 1 0 0
		outer loop
			vertex 0.0035000001080334187 -0.014000000432133675 0
			vertex 0.0035000001080334187 -0.009999999776482582 -0.0020000000949949026
			vertex 0.0035000001080334187 -0.009999999776482582 0
		endloop
	endfacet
	facet normal 1 0 0
		outer loop
			vertex 0.0035000001080334187 -0.014000000432133675 0
			vertex 0.0035000001080334187 -0.014000000432133675 -0.0020000000949949026
			vertex 0.0035000001080334187 -0.009999999776482582 -0.0020000000949949026
		endloop
	endfacet
	facet normal 0 -1 0
		outer loop
			vertex 0.0035000001080334187 -0.009999999776482582 0
			vertex 0.0364999994635582 -0.009999999776482582 -0.0020000000949949026
			vertex 0.0364999994635582 -0.009999999776482582 0
		endloop
	endfacet
	facet normal 0 -1 0
		outer loop
			vertex 0.0035000001080334187 -0.009999999776482582 0
			vertex 0.0035000001080334187 -0.009999999776482582 -0.0020000000949949026
			vertex 0.0364999994635582 -0.009999999776482582 -0.0020000000949949026
		endloop
	endfacet
	facet normal -1 0 0
		outer loop
			vertex 0.0364999994635582 -0.009999999776482582 0
			vertex 0.0364999994635582 -0.014000000432133675 -0.0020000000949949026
			vertex 0.0364999994635582 -0.014000000432133675 0
		endloop
	endfacet
	facet normal -1 0 0
		outer loop
			vertex 0.0364999994635582 -0.009999999776482582 0
			vertex 0.0364999994635582 -0.009999999776482582 -0.0020000000949949026
			vertex 0.0364999994635582 -0.014000000432133675 -0.0020000000949949026
		endloop
	endfacet
	facet normal 0 1 0
		outer loop
			vertex 0.0364999994635582 -0.00800000037997961 0
			vertex 0.0035000001080334187 -0.00800000037997961 -0.0020000000949949026
			vertex 0.0035000001080334187 -0.00800000037997961 0
		endloop
	endfacet
	facet normal 0 1 0
		outer loop
			vertex 0.0364999994635582 -0.00800000037997961 0
			vertex 0.0364999994635582 -0.00800000037997961 -0.0020000000949949026
			vertex 0.0035000001080334187 -0.00800000037997961 -0.0020000000949949026
		endloop
	endfacet
	facet normal 1 0 0
		outer loop
			vertex 0.0035000001080334187 -0.00800000037997961 0
			vertex 0.0035000001080334187 0.00800000037997961 -0.0020000000949949026
			vertex 0.0035000001080334187 0.00800000037997961 0
		endloop
	endfacet
	facet normal 1 0 0
		outer loop
			vertex 0.0035000001080334187 -0.00800000037997961 0
			vertex 0.0035000001080334187 -0.00800000037997961 -0.0020000000949949026
			vertex 0.0035000001080334187 0.00800000037997961 -0.0020000000949949026
		endloop
	endfacet
	facet normal 0 -1 0
		outer loop
			vertex 0.0035000001080334187 0.00800000037997961 0
			vertex 0.0364999994635582 0.00800000037997961 -0.0020000000949949026
			vertex 0.0364999994635582 0.00800000037997961 0
		endloop
	endfacet
	facet normal 0 -1 0
		outer loop
			vertex 0.0035000001080334187 0.00800000037997961 0
			vertex 0.0035000001080334187 0.00800000037997961 -0.0020000000949949026
			vertex 0.0364999994635582 0.00800000037997961 -0.0020000000949949026
		endloop
	endfacet
	facet normal -1 0 0
		outer loop
			vertex 0.0364999994635582 0.00800000037997961 0
			vertex 0.0364999994635582 -0.00800000037997961 -0.0020000000949949026
			vertex 0.0364999994635582 -0.00800000037997961 0
		endloop
	endfacet
	facet normal -1 0 0
		outer loop
			vertex 0.0364999994635582 0.00800000037997961 0
			vertex 0.0364999994635582 0.00800000037997961 -0.0020000000949949026
			vertex 0.0364999994635582 -0.00800000037997961 -0.0020000000949949026
		endloop
	endfacet
	facet normal 0 1 0
		outer loop
			vertex 0.0364999994635582 0.009999999776482582 0
			vertex 0.0035000001080334187 0.009999999776482582 -0.0020000000949949026
			vertex 0.0035000001080334187 0.009999999776482582 0
		endloop
	endfacet
	facet normal 0 1 0
		outer loop
			vertex 0.0364999994635582 0.009999999776482582 0
			vertex 0.0364999994635582 0.009999999776482582 -0.0020000000949949026
			vertex 0.0035000001080334187 0.009999999776482582 -0.0020000000949949026
		endloop
	endfacet
	facet normal 1 0 0
		outer loop
			vertex 0.0035000001080334187 0.009999999776482582 0
			vertex 0.0035000001080334187 0.014000000432133675 -0.0020000000949949026
			vertex 0.0035000001080334187 0.014000000432133675 0
		endloop
	endfacet
	facet normal 1 0 0
		outer loop
			vertex 0.0035000001080334187 0.009999999776482582 0
			vertex 0.0035000001080334187 0.009999999776482582 -0.0020000000949949026
			vertex 0.0035000001080334187 0.014000000432133675 -0.0020000000949949026
		endloop
	endfacet
	facet normal 0 -1 0
		outer loop
			vertex 0.0035000001080334187 0.014000000432133675 0
			vertex 0.0364999994635582 0.014000000432133675 -0.0020000000949949026
			vertex 0.0364999994635582 0.014000000432133675 0
		endloop
	endfacet
	facet normal 0 -1 0
		outer loop
			vertex 0.0035000001080334187 0.014000000432133675 0
			vertex 0.0035000001080334187 0.014000000432133675 -0.0020000000949949026
			vertex 0.0364999994635582 0.014000000432133675 -0.0020000000949949026
		endloop
	endfacet
	facet normal -1 0 0
		outer loop
			vertex 0.0364999994635582 0.014000000432133675 0
			vertex 0.0364999994635582 0.009999999776482582 -0.0020000000949949026
			vertex 0.0364999994635582 0.009999999776482582 0
		endloop
	endfacet
	facet normal -1 0 0
		outer loop
			vertex 0.0364999994635582 0.014000000432133675 0
			vertex 0.0364999994635582 0.014000000432133675 -0.0020000000949949026
			vertex 0.0364999994635582 0.009999999776482582 -0.0020000000949949026
		endloop
	endfacet
	facet normal -1 0 0
		outer loop
			vertex 0.007000000216066837 -0.004000000189989805 -0.0020000000949949026
			vertex 0.007000000216066837 -0.004000000189989805 0.0020000000949949026
			vertex 0.007000000216066837 0.004000000189989805 0.0020000000949949026
		endloop
	endfacet
	facet normal -1 0 0
		outer loop
			vertex 0.007000000216066837 -0.004000000189989805 -0.0020000000949949026
			vertex 0.007000000216066837 0.004000000189989805 0.0020000000949949026
			vertex 0.007000000216066837 0.004000000189989805 -0.0020000000949949026
		endloop
	endfacet
	facet normal 0 0 1
		outer loop
			vertex 0.007000000216066837 -0.004000000189989805 0.0020000000949949026
			vertex 0.008999999612569809 -0.004000000189989805 0.0020000000949949026
			vertex 0.008999999612569809 0.004000000189989805 0.0020000000949949026
		endloop
	endfacet
	facet normal 0 0 1
		outer loop
			vertex 0.007000000216066837 -0.004000000189989805 0.0020000000949949026
			vertex 0.008999999612569809 0.004000000189989805 0.0020000000949949026
			vertex 0.007000000216066837 0.004000000189989805 0.0020000000949949026
		endloop
	endfacet
	facet normal -1 0 0
		outer loop
			vertex 0.032999999821186066 0.004000000189989805 -0.0020000000949949026
			vertex 0.032999999821186066 0.0024999999441206455 0
			vertex 0.032999999821186066 0.004000000189989805 0.0020000000949949026
		endloop
	endfacet
	facet normal -1 0 0
		outer loop
			vertex 0.032999999821186066 0.0024999999441206455 -0.0020000000949949026
			vertex 0.032999999821186066 0.0024999999441206455 0
			vertex 0.032999999821186066 0.004000000189989805 -0.0020000000949949026
		endloop
	endfacet
	facet normal -1 0 0
		outer loop
			vertex 0.032999999821186066 -0.0024999999441206455 0
			vertex 0.032999999821186066 -0.004000000189989805 0.0020000000949949026
			vertex 0.032999999821186066 0.004000000189989805 0.0020000000949949026
		endloop
	endfacet
	facet normal -1 0 0
		outer loop
			vertex 0.032999999821186066 -0.0024999999441206455 0
			vertex 0.032999999821186066 0.004000000189989805 0.0020000000949949026
			vertex 0.032999999821186066 0.0024999999441206455 0
		endloop
	endfacet
	facet normal -1 0 0
		outer loop
			vertex 0.032999999821186066 -0.004000000189989805 -0.0020000000949949026
			vertex 0.032999999821186066 -0.0024999999441206455 0
			vertex 0.032999999821186066 -0.0024999999441206455 -0.0020000000949949026
		endloop
	endfacet
	facet normal -1 0 0
		outer loop
			vertex 0.032999999821186066 -0.004000000189989805 -0.0020000000949949026
			vertex 0.032999999821186066 -0.004000000189989805 0.0020000000949949026
			vertex 0.032999999821186066 -0.0024999999441206455 0
		endloop
	endfacet
	facet normal 0.07343409722866359 -0.9973000718761686 0
		outer loop
			vertex 0.02795206755399704 -0.00642989668995142 0
			vertex 0.027000000700354576 -0.006500000134110451 0
			vertex 0.027000000700354576 -0.006500000134110451 -0.0020000000949949026
		endloop
	endfacet
	facet normal 0.07343409722866359 -0.9973000718761686 0
		outer loop
			vertex 0.02795206755399704 -0.00642989668995142 0
			vertex 0.027000000700354576 -0.006500000134110451 -0.0020000000949949026
			vertex 0.02795206755399704 -0.00642989668995142 -0.0020000000949949026
		endloop
	endfacet
	facet normal 0.21871871198132725 -0.9757879508526581 0
		outer loop
			vertex 0.028883596882224083 -0.006221098359674215 0
			vertex 0.02795206755399704 -0.00642989668995142 -0.0020000000949949026
			vertex 0.028883596882224083 -0.006221098359674215 -0.0020000000949949026
		endloop
	endfacet
	facet normal 0.21871871198132725 -0.9757879508526581 0
		outer loop
			vertex 0.028883596882224083 -0.006221098359674215 0
			vertex 0.02795206755399704 -0.00642989668995142 0
			vertex 0.02795206755399704 -0.00642989668995142 -0.0020000000949949026
		endloop
	endfacet
	facet normal 0.35928474525384846 -0.9332279849146603 0
		outer loop
			vertex 0.0297744981944561 -0.005878109019249678 0
			vertex 0.028883596882224083 -0.006221098359674215 -0.0020000000949949026
			vertex 0.0297744981944561 -0.005878109019249678 -0.0020000000949949026
		endloop
	endfacet
	facet normal 0.35928474525384846 -0.9332279849146603 0
		outer loop
			vertex 0.0297744981944561 -0.005878109019249678 0
			vertex 0.028883596882224083 -0.006221098359674215 0
			vertex 0.028883596882224083 -0.006221098359674215 -0.0020000000949949026
		endloop
	endfacet
	facet normal 0.4921021162258929 -0.870537481792713 0
		outer loop
			vertex 0.030605550855398178 -0.005408327095210552 0
			vertex 0.0297744981944561 -0.005878109019249678 -0.0020000000949949026
			vertex 0.030605550855398178 -0.005408327095210552 -0.0020000000949949026
		endloop
	endfacet
	facet normal 0.4921021162258929 -0.870537481792713 0
		outer loop
			vertex 0.030605550855398178 -0.005408327095210552 0
			vertex 0.0297744981944561 -0.005878109019249678 0
			vertex 0.0297744981944561 -0.005878109019249678 -0.0020000000949949026
		endloop
	endfacet
	facet normal 0.6143040800439235 -0.789069386835777 0
		outer loop
			vertex 0.031358830630779266 -0.004821885842829943 0
			vertex 0.030605550855398178 -0.005408327095210552 -0.0020000000949949026
			vertex 0.031358830630779266 -0.004821885842829943 -0.0020000000949949026
		endloop
	endfacet
	facet normal 0.6143040800439235 -0.789069386835777 0
		outer loop
			vertex 0.031358830630779266 -0.004821885842829943 0
			vertex 0.030605550855398178 -0.005408327095210552 0
			vertex 0.030605550855398178 -0.005408327095210552 -0.0020000000949949026
		endloop
	endfacet
	facet normal 0.7232539653071449 -0.6905821469365475 0
		outer loop
			vertex 0.03201809152960777 -0.004131434950977564 0
			vertex 0.031358830630779266 -0.004821885842829943 -0.0020000000949949026
			vertex 0.03201809152960777 -0.004131434950977564 -0.0020000000949949026
		endloop
	endfacet
	facet normal 0.7232539653071449 -0.6905821469365475 0
		outer loop
			vertex 0.03201809152960777 -0.004131434950977564 0
			vertex 0.031358830630779266 -0.004821885842829943 0
			vertex 0.031358830630779266 -0.004821885842829943 -0.0020000000949949026
		endloop
	endfacet
	facet normal 0.8166043565574821 -0.5771978212461832 0
		outer loop
			vertex 0.03256911039352417 -0.0033518678974360228 0
			vertex 0.03201809152960777 -0.004131434950977564 -0.0020000000949949026
			vertex 0.03256911039352417 -0.0033518678974360228 -0.0020000000949949026
		endloop
	endfacet
	facet normal 0.8166043565574821 -0.5771978212461832 0
		outer loop
			vertex 0.03256911039352417 -0.0033518678974360228 0
			vertex 0.03201809152960777 -0.004131434950977564 0
			vertex 0.03201809152960777 -0.004131434950977564 -0.0020000000949949026
		endloop
	endfacet
	facet normal 0.8923411945820791 -0.4513614875593932 0
		outer loop
			vertex 0.032999999821186066 -0.0024999999441206455 0
			vertex 0.03256911039352417 -0.0033518678974360228 -0.0020000000949949026
			vertex 0.032999999821186066 -0.0024999999441206455 -0.0020000000949949026
		endloop
	endfacet
	facet normal 0.8923411945820791 -0.4513614875593932 0
		outer loop
			vertex 0.032999999821186066 -0.0024999999441206455 0
			vertex 0.03256911039352417 -0.0033518678974360228 0
			vertex 0.03256911039352417 -0.0033518678974360228 -0.0020000000949949026
		endloop
	endfacet
	facet normal 0.8923411945820791 0.4513614875593932 0
		outer loop
			vertex 0.03256911039352417 0.0033518678974360228 0
			vertex 0.032999999821186066 0.0024999999441206455 -0.0020000000949949026
			vertex 0.03256911039352417 0.0033518678974360228 -0.0020000000949949026
		endloop
	endfacet
	facet normal 0.8923411945820791 0.4513614875593932 0
		outer loop
			vertex 0.03256911039352417 0.0033518678974360228 0
			vertex 0.032999999821186066 0.0024999999441206455 0
			vertex 0.032999999821186066 0.0024999999441206455 -0.0020000000949949026
		endloop
	endfacet
	facet normal 0.8166043565574821 0.5771978212461832 0
		outer loop
			vertex 0.03201809152960777 0.004131434950977564 0
			vertex 0.03256911039352417 0.0033518678974360228 -0.0020000000949949026
			vertex 0.03201809152960777 0.004131434950977564 -0.0020000000949949026
		endloop
	endfacet
	facet normal 0.8166043565574821 0.5771978212461832 0
		outer loop
			vertex 0.03201809152960777 0.004131434950977564 0
			vertex 0.03256911039352417 0.0033518678974360228 0
			vertex 0.03256911039352417 0.0033518678974360228 -0.0020000000949949026
		endloop
	endfacet
	facet normal 0.7232539653071449 0.6905821469365475 0
		outer loop
			vertex 0.031358830630779266 0.004821885842829943 0
			vertex 0.03201809152960777 0.004131434950977564 -0.0020000000949949026
			vertex 0.031358830630779266 0.004821885842829943 -0.0020000000949949026
		endloop
	endfacet
	facet normal 0.7232539653071449 0.6905821469365475 0
		outer loop
			vertex 0.031358830630779266 0.004821885842829943 0
			vertex 0.03201809152960777 0.004131434950977564 0
			vertex 0.03201809152960777 0.004131434950977564 -0.0020000000949949026
		endloop
	endfacet
	facet normal 0.6143040800439235 0.789069386835777 0
		outer loop
			vertex 0.030605550855398178 0.005408327095210552 0
			vertex 0.031358830630779266 0.004821885842829943 -0.0020000000949949026
			vertex 0.030605550855398178 0.005408327095210552 -0.0020000000949949026
		endloop
	endfacet
	facet normal 0.6143040800439235 0.789069386835777 0
		outer loop
			vertex 0.030605550855398178 0.005408327095210552 0
			vertex 0.031358830630779266 0.004821885842829943 0
			vertex 0.031358830630779266 0.004821885842829943 -0.0020000000949949026
		endloop
	endfacet
	facet normal 0.4921021162258929 0.870537481792713 0
		outer loop
			vertex 0.0297744981944561 0.005878109019249678 0
			vertex 0.030605550855398178 0.005408327095210552 -0.0020000000949949026
			vertex 0.0297744981944561 0.005878109019249678 -0.0020000000949949026
		endloop
	endfacet
	facet normal 0.4921021162258929 0.870537481792713 0
		outer loop
			vertex 0.0297744981944561 0.005878109019249678 0
			vertex 0.030605550855398178 0.005408327095210552 0
			vertex 0.030605550855398178 0.005408327095210552 -0.0020000000949949026
		endloop
	endfacet
	facet normal 0.35928474525384846 0.9332279849146603 0
		outer loop
			vertex 0.028883596882224083 0.006221098359674215 0
			vertex 0.0297744981944561 0.005878109019249678 -0.0020000000949949026
			vertex 0.028883596882224083 0.006221098359674215 -0.0020000000949949026
		endloop
	endfacet
	facet normal 0.35928474525384846 0.9332279849146603 0
		outer loop
			vertex 0.028883596882224083 0.006221098359674215 0
			vertex 0.0297744981944561 0.005878109019249678 0
			vertex 0.0297744981944561 0.005878109019249678 -0.0020000000949949026
		endloop
	endfacet
	facet normal 0.21871871198132725 0.9757879508526581 0
		outer loop
			vertex 0.02795206755399704 0.00642989668995142 0
			vertex 0.028883596882224083 0.006221098359674215 -0.0020000000949949026
			vertex 0.02795206755399704 0.00642989668995142 -0.0020000000949949026
		endloop
	endfacet
	facet normal 0.21871871198132725 0.9757879508526581 0
		outer loop
			vertex 0.02795206755399704 0.00642989668995142 0
			vertex 0.028883596882224083 0.006221098359674215 0
			vertex 0.028883596882224083 0.006221098359674215 -0.0020000000949949026
		endloop
	endfacet
	facet normal 0.07343409722866359 0.9973000718761686 0
		outer loop
			vertex 0.027000000700354576 0.006500000134110451 0
			vertex 0.02795206755399704 0.00642989668995142 -0.0020000000949949026
			vertex 0.027000000700354576 0.006500000134110451 -0.0020000000949949026
		endloop
	endfacet
	facet normal 0.07343409722866359 0.9973000718761686 0
		outer loop
			vertex 0.027000000700354576 0.006500000134110451 0
			vertex 0.02795206755399704 0.00642989668995142 0
			vertex 0.02795206755399704 0.00642989668995142 -0.0020000000949949026
		endloop
	endfacet
	facet normal 0 -1 0
		outer loop
			vertex 0.01600000075995922 -0.006500000134110451 0
			vertex 0.027000000700354576 -0.006500000134110451 -0.0020000000949949026
			vertex 0.027000000700354576 -0.006500000134110451 0
		endloop
	endfacet
	facet normal 0 -1 0
		outer loop
			vertex 0.01600000075995922 -0.006500000134110451 0
			vertex 0.01600000075995922 -0.006500000134110451 -0.0020000000949949026
			vertex 0.027000000700354576 -0.006500000134110451 -0.0020000000949949026
		endloop
	endfacet
	facet normal -0.07473024836153663 0.997203785582377 0
		outer loop
			vertex 0.015031225048005581 0.006427400279790163 0
			vertex 0.01600000075995922 0.006500000134110451 0
			vertex 0.01600000075995922 0.006500000134110451 -0.0020000000949949026
		endloop
	endfacet
	facet normal -0.07473024836153663 0.997203785582377 0
		outer loop
			vertex 0.015031225048005581 0.006427400279790163 0
			vertex 0.01600000075995922 0.006500000134110451 -0.0020000000949949026
			vertex 0.015031225048005581 0.006427400279790163 -0.0020000000949949026
		endloop
	endfacet
	facet normal -0.22252105800965663 0.9749278838674494 0
		outer loop
			vertex 0.014084091410040855 0.00621122308075428 0
			vertex 0.015031225048005581 0.006427400279790163 -0.0020000000949949026
			vertex 0.014084091410040855 0.00621122308075428 -0.0020000000949949026
		endloop
	endfacet
	facet normal -0.22252105800965663 0.9749278838674494 0
		outer loop
			vertex 0.014084091410040855 0.00621122308075428 0
			vertex 0.015031225048005581 0.006427400279790163 0
			vertex 0.015031225048005581 0.006427400279790163 -0.0020000000949949026
		endloop
	endfacet
	facet normal -0.365341070586875 0.9308737305040012 0
		outer loop
			vertex 0.01317975576967001 0.005856297444552183 0
			vertex 0.014084091410040855 0.00621122308075428 -0.0020000000949949026
			vertex 0.01317975576967001 0.005856297444552183 -0.0020000000949949026
		endloop
	endfacet
	facet normal -0.365341070586875 0.9308737305040012 0
		outer loop
			vertex 0.01317975576967001 0.005856297444552183 0
			vertex 0.014084091410040855 0.00621122308075428 0
			vertex 0.014084091410040855 0.00621122308075428 -0.0020000000949949026
		endloop
	endfacet
	facet normal -0.4999996178714682 0.866025624406337 0
		outer loop
			vertex 0.012338419444859028 0.005370552185922861 0
			vertex 0.01317975576967001 0.005856297444552183 -0.0020000000949949026
			vertex 0.012338419444859028 0.005370552185922861 -0.0020000000949949026
		endloop
	endfacet
	facet normal -0.4999996178714682 0.866025624406337 0
		outer loop
			vertex 0.012338419444859028 0.005370552185922861 0
			vertex 0.01317975576967001 0.005856297444552183 0
			vertex 0.01317975576967001 0.005856297444552183 -0.0020000000949949026
		endloop
	endfacet
	facet normal -0.6234900847438254 0.7818312568746133 0
		outer loop
			vertex 0.011578877456486225 0.004764837212860584 0
			vertex 0.012338419444859028 0.005370552185922861 -0.0020000000949949026
			vertex 0.011578877456486225 0.004764837212860584 -0.0020000000949949026
		endloop
	endfacet
	facet normal -0.6234900847438254 0.7818312568746133 0
		outer loop
			vertex 0.011578877456486225 0.004764837212860584 0
			vertex 0.012338419444859028 0.005370552185922861 0
			vertex 0.012338419444859028 0.005370552185922861 -0.0020000000949949026
		endloop
	endfacet
	facet normal -0.7330519413959554 0.6801726627964556 0
		outer loop
			vertex 0.010918095707893372 0.004052683711051941 0
			vertex 0.011578877456486225 0.004764837212860584 -0.0020000000949949026
			vertex 0.010918095707893372 0.004052683711051941 -0.0020000000949949026
		endloop
	endfacet
	facet normal -0.7330519413959554 0.6801726627964556 0
		outer loop
			vertex 0.010918095707893372 0.004052683711051941 0
			vertex 0.011578877456486225 0.004764837212860584 0
			vertex 0.011578877456486225 0.004764837212860584 -0.0020000000949949026
		endloop
	endfacet
	facet normal -0.826238517908586 0.5633204341440343 0
		outer loop
			vertex 0.010370834730565548 0.0032500000670552254 0
			vertex 0.010918095707893372 0.004052683711051941 -0.0020000000949949026
			vertex 0.010370834730565548 0.0032500000670552254 -0.0020000000949949026
		endloop
	endfacet
	facet normal -0.826238517908586 0.5633204341440343 0
		outer loop
			vertex 0.010370834730565548 0.0032500000670552254 0
			vertex 0.010918095707893372 0.004052683711051941 0
			vertex 0.010918095707893372 0.004052683711051941 -0.0020000000949949026
		endloop
	endfacet
	facet normal -0.9009690746277191 0.43388330984778795 0
		outer loop
			vertex 0.009949320927262306 0.002374716568738222 0
			vertex 0.010370834730565548 0.0032500000670552254 -0.0020000000949949026
			vertex 0.009949320927262306 0.002374716568738222 -0.0020000000949949026
		endloop
	endfacet
	facet normal -0.9009690746277191 0.43388330984778795 0
		outer loop
			vertex 0.009949320927262306 0.002374716568738222 0
			vertex 0.010370834730565548 0.0032500000670552254 0
			vertex 0.010370834730565548 0.0032500000670552254 -0.0020000000949949026
		endloop
	endfacet
	facet normal -0.9555725754089184 0.2947559212744793 0
		outer loop
			vertex 0.00966296810656786 0.0014463861007243395 0
			vertex 0.009949320927262306 0.002374716568738222 -0.0020000000949949026
			vertex 0.00966296810656786 0.0014463861007243395 -0.0020000000949949026
		endloop
	endfacet
	facet normal -0.9555725754089184 0.2947559212744793 0
		outer loop
			vertex 0.00966296810656786 0.0014463861007243395 0
			vertex 0.009949320927262306 0.002374716568738222 0
			vertex 0.009949320927262306 0.002374716568738222 -0.0020000000949949026
		endloop
	endfacet
	facet normal -0.9888309075995633 0.1490417262910768 0
		outer loop
			vertex 0.009518175385892391 0.00048574560787528753 0
			vertex 0.00966296810656786 0.0014463861007243395 -0.0020000000949949026
			vertex 0.009518175385892391 0.00048574560787528753 -0.0020000000949949026
		endloop
	endfacet
	facet normal -0.9888309075995633 0.1490417262910768 0
		outer loop
			vertex 0.009518175385892391 0.00048574560787528753 0
			vertex 0.00966296810656786 0.0014463861007243395 0
			vertex 0.00966296810656786 0.0014463861007243395 -0.0020000000949949026
		endloop
	endfacet
	facet normal -1 0 0
		outer loop
			vertex 0.009518175385892391 -0.00048574560787528753 0
			vertex 0.009518175385892391 0.00048574560787528753 -0.0020000000949949026
			vertex 0.009518175385892391 -0.00048574560787528753 -0.0020000000949949026
		endloop
	endfacet
	facet normal -1 0 0
		outer loop
			vertex 0.009518175385892391 -0.00048574560787528753 0
			vertex 0.009518175385892391 0.00048574560787528753 0
			vertex 0.009518175385892391 0.00048574560787528753 -0.0020000000949949026
		endloop
	endfacet
	facet normal -0.9888309075995633 -0.1490417262910768 0
		outer loop
			vertex 0.00966296810656786 -0.0014463861007243395 0
			vertex 0.009518175385892391 -0.00048574560787528753 -0.0020000000949949026
			vertex 0.00966296810656786 -0.0014463861007243395 -0.0020000000949949026
		endloop
	endfacet
	facet normal -0.9888309075995633 -0.1490417262910768 0
		outer loop
			vertex 0.00966296810656786 -0.0014463861007243395 0
			vertex 0.009518175385892391 -0.00048574560787528753 0
			vertex 0.009518175385892391 -0.00048574560787528753 -0.0020000000949949026
		endloop
	endfacet
	facet normal -0.9555725754089184 -0.2947559212744793 0
		outer loop
			vertex 0.009949320927262306 -0.002374716568738222 0
			vertex 0.00966296810656786 -0.0014463861007243395 -0.0020000000949949026
			vertex 0.009949320927262306 -0.002374716568738222 -0.0020000000949949026
		endloop
	endfacet
	facet normal -0.9555725754089184 -0.2947559212744793 0
		outer loop
			vertex 0.009949320927262306 -0.002374716568738222 0
			vertex 0.00966296810656786 -0.0014463861007243395 0
			vertex 0.00966296810656786 -0.0014463861007243395 -0.0020000000949949026
		endloop
	endfacet
	facet normal -0.9009690746277191 -0.43388330984778795 0
		outer loop
			vertex 0.010370834730565548 -0.0032500000670552254 0
			vertex 0.009949320927262306 -0.002374716568738222 0
			vertex 0.009949320927262306 -0.002374716568738222 -0.0020000000949949026
		endloop
	endfacet
	facet normal -0.9009690746277191 -0.43388330984778795 0
		outer loop
			vertex 0.010370834730565548 -0.0032500000670552254 0
			vertex 0.009949320927262306 -0.002374716568738222 -0.0020000000949949026
			vertex 0.010370834730565548 -0.0032500000670552254 -0.0020000000949949026
		endloop
	endfacet
	facet normal -0.826238517908586 -0.5633204341440343 0
		outer loop
			vertex 0.010918095707893372 -0.004052683711051941 0
			vertex 0.010370834730565548 -0.0032500000670552254 -0.0020000000949949026
			vertex 0.010918095707893372 -0.004052683711051941 -0.0020000000949949026
		endloop
	endfacet
	facet normal -0.826238517908586 -0.5633204341440343 0
		outer loop
			vertex 0.010918095707893372 -0.004052683711051941 0
			vertex 0.010370834730565548 -0.0032500000670552254 0
			vertex 0.010370834730565548 -0.0032500000670552254 -0.0020000000949949026
		endloop
	endfacet
	facet normal -0.7330519413959554 -0.6801726627964556 0
		outer loop
			vertex 0.011578877456486225 -0.004764837212860584 0
			vertex 0.010918095707893372 -0.004052683711051941 -0.0020000000949949026
			vertex 0.011578877456486225 -0.004764837212860584 -0.0020000000949949026
		endloop
	endfacet
	facet normal -0.7330519413959554 -0.6801726627964556 0
		outer loop
			vertex 0.011578877456486225 -0.004764837212860584 0
			vertex 0.010918095707893372 -0.004052683711051941 0
			vertex 0.010918095707893372 -0.004052683711051941 -0.0020000000949949026
		endloop
	endfacet
	facet normal -0.6234900847438254 -0.7818312568746133 0
		outer loop
			vertex 0.012338419444859028 -0.005370552185922861 0
			vertex 0.011578877456486225 -0.004764837212860584 -0.0020000000949949026
			vertex 0.012338419444859028 -0.005370552185922861 -0.0020000000949949026
		endloop
	endfacet
	facet normal -0.6234900847438254 -0.7818312568746133 0
		outer loop
			vertex 0.012338419444859028 -0.005370552185922861 0
			vertex 0.011578877456486225 -0.004764837212860584 0
			vertex 0.011578877456486225 -0.004764837212860584 -0.0020000000949949026
		endloop
	endfacet
	facet normal -0.4999996178714682 -0.866025624406337 0
		outer loop
			vertex 0.01317975576967001 -0.005856297444552183 0
			vertex 0.012338419444859028 -0.005370552185922861 -0.0020000000949949026
			vertex 0.01317975576967001 -0.005856297444552183 -0.0020000000949949026
		endloop
	endfacet
	facet normal -0.4999996178714682 -0.866025624406337 0
		outer loop
			vertex 0.01317975576967001 -0.005856297444552183 0
			vertex 0.012338419444859028 -0.005370552185922861 0
			vertex 0.012338419444859028 -0.005370552185922861 -0.0020000000949949026
		endloop
	endfacet
	facet normal -0.365341070586875 -0.9308737305040012 0
		outer loop
			vertex 0.014084091410040855 -0.00621122308075428 0
			vertex 0.01317975576967001 -0.005856297444552183 -0.0020000000949949026
			vertex 0.014084091410040855 -0.00621122308075428 -0.0020000000949949026
		endloop
	endfacet
	facet normal -0.365341070586875 -0.9308737305040012 0
		outer loop
			vertex 0.014084091410040855 -0.00621122308075428 0
			vertex 0.01317975576967001 -0.005856297444552183 0
			vertex 0.01317975576967001 -0.005856297444552183 -0.0020000000949949026
		endloop
	endfacet
	facet normal -0.22252105800965663 -0.9749278838674494 0
		outer loop
			vertex 0.015031225048005581 -0.006427400279790163 0
			vertex 0.014084091410040855 -0.00621122308075428 -0.0020000000949949026
			vertex 0.015031225048005581 -0.006427400279790163 -0.0020000000949949026
		endloop
	endfacet
	facet normal -0.22252105800965663 -0.9749278838674494 0
		outer loop
			vertex 0.015031225048005581 -0.006427400279790163 0
			vertex 0.014084091410040855 -0.00621122308075428 0
			vertex 0.014084091410040855 -0.00621122308075428 -0.0020000000949949026
		endloop
	endfacet
	facet normal -0.07473024836153663 -0.997203785582377 0
		outer loop
			vertex 0.01600000075995922 -0.006500000134110451 0
			vertex 0.015031225048005581 -0.006427400279790163 -0.0020000000949949026
			vertex 0.01600000075995922 -0.006500000134110451 -0.0020000000949949026
		endloop
	endfacet
	facet normal -0.07473024836153663 -0.997203785582377 0
		outer loop
			vertex 0.01600000075995922 -0.006500000134110451 0
			vertex 0.015031225048005581 -0.006427400279790163 0
			vertex 0.015031225048005581 -0.006427400279790163 -0.0020000000949949026
		endloop
	endfacet
	facet normal 0 1 0
		outer loop
			vertex 0.027000000700354576 0.006500000134110451 0
			vertex 0.01600000075995922 0.006500000134110451 -0.0020000000949949026
			vertex 0.01600000075995922 0.006500000134110451 0
		endloop
	endfacet
	facet normal 0 1 0
		outer loop
			vertex 0.027000000700354576 0.006500000134110451 0
			vertex 0.027000000700354576 0.006500000134110451 -0.0020000000949949026
			vertex 0.01600000075995922 0.006500000134110451 -0.0020000000949949026
		endloop
	endfacet
	facet normal 0 0 1
		outer loop
			vertex 0.032999999821186066 -0.004000000189989805 0.0020000000949949026
			vertex 0.03500000014901161 -0.004000000189989805 0.0020000000949949026
			vertex 0.03500000014901161 0.004000000189989805 0.0020000000949949026
		endloop
	endfacet
	facet normal 0 0 1
		outer loop
			vertex 0.032999999821186066 -0.004000000189989805 0.0020000000949949026
			vertex 0.03500000014901161 0.004000000189989805 0.0020000000949949026
			vertex 0.032999999821186066 0.004000000189989805 0.0020000000949949026
		endloop
	endfacet
	facet normal 1 0 0
		outer loop
			vertex 0.03500000014901161 -0.004000000189989805 0.0020000000949949026
			vertex 0.03500000014901161 -0.004000000189989805 -0.0020000000949949026
			vertex 0.03500000014901161 0.004000000189989805 -0.0020000000949949026
		endloop
	endfacet
	facet normal 1 0 0
		outer loop
			vertex 0.03500000014901161 -0.004000000189989805 0.0020000000949949026
			vertex 0.03500000014901161 0.004000000189989805 -0.0020000000949949026
			vertex 0.03500000014901161 0.004000000189989805 0.0020000000949949026
		endloop
	endfacet
endsolid exported
